Number Invariant Sites,Number Invariant Sites Excluding Ambiguous,Max Invariant Block Length,Max Invariant Block Length Excluding Ambiguous,Max Pairwise Difference,Max Pairwise Difference Excluding Ambiguous,Max Variable Block Length,Max Variable Block Length Excluding Ambiguous,Min Pairwise Difference,Min Pairwise Difference Excluding Ambiguous,Number Invariable Block,Number Invariable Block Excluding Ambiguous,Segregating-Sites,Theta,Tajima-D,Tajima-Pi
3,42,1,13,6,38,32,3,0,0,3,9,52,0.2347646,-3.482493,0.01348974
5,43,3,12,5,35,37,2,0,0,3,10,50,0.2257352,-3.470997,0.01326979
9,47,2,11,4,34,14,2,0,0,8,7,46,0.2076764,-3.553451,0.006708211
3,53,1,39,2,38,42,1,0,0,3,3,52,0.2347646,-3.667684,0.001722874
4,42,1,8,3,36,28,3,0,0,4,11,51,0.2302499,-3.538557,0.009530792
7,42,1,9,4,36,20,1,0,0,7,13,48,0.2167058,-3.485996,0.01143695
8,51,1,17,2,36,19,1,0,0,8,5,47,0.2121911,-3.589218,0.005021994
12,48,2,12,4,30,9,2,0,0,10,7,43,0.1941323,-3.476142,0.009677419
8,47,1,16,4,37,18,2,0,0,8,7,47,0.2121911,-3.524439,0.008760997
3,45,1,9,4,38,25,1,0,0,3,11,52,0.2347646,-3.547108,0.009384164
2,40,1,11,5,39,35,3,0,0,2,11,53,0.2392793,-3.461309,0.01532258
7,43,2,13,5,34,18,3,0,0,5,9,48,0.2167058,-3.443664,0.01392962
3,46,1,14,5,37,27,2,0,0,3,9,52,0.2347646,-3.593262,0.006451613
1,47,1,22,3,39,41,3,0,0,1,6,54,0.243794,-3.619522,0.005388563
7,45,1,18,5,35,16,2,0,0,7,8,48,0.2167058,-3.494711,0.01092375
12,47,2,11,3,33,10,2,0,0,11,7,43,0.1941323,-3.569402,0.004728739
6,45,2,15,4,37,19,2,0,0,5,8,49,0.2212205,-3.502157,0.01092375
4,48,1,19,3,38,28,2,0,0,4,7,51,0.2302499,-3.562652,0.008027859
9,49,2,19,3,36,8,1,0,0,8,6,46,0.2076764,-3.550858,0.006854839
20,54,3,44,1,28,4,1,0,0,16,2,35,0.1580146,-3.602146,0.0004398827
7,47,1,11,4,35,14,2,0,0,7,8,48,0.2167058,-3.481638,0.01169355
5,43,1,19,3,37,18,3,0,0,5,10,50,0.2257352,-3.538068,0.009164223
4,52,1,35,2,38,19,1,0,0,4,4,51,0.2302499,-3.646103,0.002822581
11,50,1,24,3,33,6,1,0,0,11,6,44,0.198647,-3.565879,0.005278592
5,45,2,17,4,36,26,4,0,0,4,8,50,0.2257352,-3.481776,0.01260997
4,46,2,9,4,37,33,2,0,0,3,9,51,0.2302499,-3.553249,0.00861437
6,42,1,11,5,36,17,3,0,0,6,10,49,0.2212205,-3.51925,0.009897361
4,51,1,24,2,39,22,1,0,0,4,5,51,0.2302499,-3.647278,0.002749267
3,48,2,19,3,38,45,1,0,0,2,8,52,0.2347646,-3.547685,0.009347507
5,46,1,13,4,37,11,2,0,0,5,7,50,0.2257352,-3.557232,0.007991202
5,45,1,10,5,36,16,2,0,0,5,10,50,0.2257352,-3.54226,0.008907625
4,48,1,17,3,38,20,1,0,0,4,8,51,0.2302499,-3.606728,0.005278592
5,50,1,34,5,38,17,2,0,0,5,5,50,0.2257352,-3.600948,0.005315249
4,49,1,18,3,38,17,2,0,0,4,6,51,0.2302499,-3.569117,0.007624633
8,48,2,15,3,34,13,3,0,0,7,6,47,0.2121911,-3.547302,0.007441349
5,47,1,12,4,37,19,3,0,0,5,6,50,0.2257352,-3.538667,0.009127566
5,46,1,10,3,36,28,1,0,0,5,10,50,0.2257352,-3.548249,0.008541056
4,44,1,10,4,37,21,2,0,0,4,10,51,0.2302499,-3.44923,0.01510264
6,47,2,12,3,37,13,2,0,0,5,8,49,0.2212205,-3.574802,0.006561584
4,47,1,19,3,37,22,3,0,0,4,7,51,0.2302499,-3.565003,0.007881232
6,47,1,16,4,36,19,2,0,0,6,7,49,0.2212205,-3.586401,0.005865103
10,47,2,22,3,34,15,2,0,0,9,8,45,0.2031617,-3.529421,0.00766129
11,46,2,16,5,31,9,3,0,0,8,8,44,0.198647,-3.471242,0.01041056
7,48,1,30,3,34,15,2,0,0,7,6,48,0.2167058,-3.510897,0.009970674
11,45,2,15,4,32,24,2,0,0,9,9,44,0.198647,-3.46989,0.01048387
9,43,2,15,7,35,14,3,0,0,8,10,46,0.2076764,-3.458172,0.01209677
2,47,1,11,2,39,20,2,0,0,2,8,53,0.2392793,-3.591613,0.006891496
4,47,1,15,5,38,12,1,0,0,4,9,51,0.2302499,-3.572643,0.007404692
4,47,1,17,3,38,22,3,0,0,4,7,51,0.2302499,-3.563828,0.007954545
11,45,3,14,3,34,13,2,0,0,7,8,44,0.198647,-3.465834,0.01070381
4,50,1,16,2,37,37,1,0,0,4,6,51,0.2302499,-3.641989,0.003079179
4,41,2,8,5,38,27,3,0,0,3,12,51,0.2302499,-3.445116,0.01535924
15,48,3,17,5,30,11,2,0,0,10,6,40,0.1805881,-3.453812,0.009384164
10,43,2,11,4,32,13,2,0,0,9,10,45,0.2031617,-3.455964,0.01173021
8,48,1,15,4,36,13,1,0,0,8,8,47,0.2121911,-3.513643,0.009384164
8,47,1,31,6,35,11,2,0,0,8,8,47,0.2121911,-3.576516,0.005755132
6,45,1,10,4,35,14,2,0,0,6,10,49,0.2212205,-3.540006,0.008651026
7,44,1,8,3,39,21,2,0,0,7,11,48,0.2167058,-3.470433,0.01235337
7,51,2,18,2,37,26,1,0,0,6,5,48,0.2167058,-3.628555,0.003042522
6,49,2,17,2,37,17,1,0,0,5,7,49,0.2212205,-3.591285,0.005571848
4,47,2,17,3,39,23,3,0,0,3,7,51,0.2302499,-3.562064,0.008064516
8,47,2,11,3,33,12,1,0,0,7,9,47,0.2121911,-3.441879,0.01352639
4,43,1,8,4,35,21,2,0,0,4,10,51,0.2302499,-3.592624,0.006158358
6,48,2,11,2,36,20,1,0,0,4,7,49,0.2212205,-3.590064,0.005645161
10,46,2,19,4,34,11,3,0,0,8,8,45,0.2031617,-3.495009,0.009567449
3,50,1,21,1,37,17,1,0,0,3,6,52,0.2347646,-3.639415,0.003519062
5,49,1,18,3,37,15,1,0,0,5,7,50,0.2257352,-3.630292,0.003519062
4,49,1,13,2,38,16,1,0,0,4,6,51,0.2302499,-3.592624,0.006158358
5,42,1,11,4,35,18,4,0,0,5,9,50,0.2257352,-3.433269,0.01557918
6,45,1,12,5,37,18,2,0,0,6,10,49,0.2212205,-3.482012,0.01213343
7,46,2,14,3,35,13,1,0,0,6,9,48,0.2167058,-3.483506,0.01158358
3,49,1,28,4,39,25,2,0,0,3,6,52,0.2347646,-3.622108,0.004618768
8,47,2,17,2,35,23,2,0,0,7,7,47,0.2121911,-3.586042,0.005205279
10,51,2,14,2,35,13,1,0,0,7,5,45,0.2031617,-3.581702,0.004765396
9,46,1,8,2,34,7,1,0,0,9,10,46,0.2076764,-3.552803,0.006744868
3,45,2,8,5,38,29,2,0,0,2,10,52,0.2347646,-3.503839,0.01213343
5,48,1,18,4,37,24,2,0,0,5,7,50,0.2257352,-3.542859,0.008870968
10,47,2,10,3,32,13,1,0,0,8,9,45,0.2031617,-3.544642,0.006818182
5,49,1,36,2,35,19,2,0,0,5,5,50,0.2257352,-3.618315,0.004252199
7,38,1,6,5,34,15,2,0,0,7,15,48,0.2167058,-3.478526,0.01187683
7,43,1,9,5,34,12,3,0,0,7,11,48,0.2167058,-3.499692,0.0106305
8,49,2,26,3,34,15,2,0,0,6,6,47,0.2121911,-3.531425,0.008357771
5,48,3,17,3,37,32,2,0,0,3,6,50,0.2257352,-3.601547,0.005278592
6,47,1,17,5,36,12,2,0,0,6,8,49,0.2212205,-3.491779,0.01154692
7,47,2,11,3,33,29,1,0,0,6,9,48,0.2167058,-3.530818,0.008797654
3,47,1,12,3,38,15,2,0,0,3,7,52,0.2347646,-3.5973,0.006195015
6,46,1,20,4,36,11,1,0,0,6,10,49,0.2212205,-3.488116,0.01176686
7,48,2,23,4,35,9,2,0,0,6,7,48,0.2167058,-3.575018,0.006195015
5,49,2,27,3,38,27,1,0,0,4,7,50,0.2257352,-3.569209,0.007258065
5,48,1,21,3,35,18,1,0,0,5,8,50,0.2257352,-3.583581,0.006378299
4,47,1,11,2,38,21,1,0,0,4,9,51,0.2302499,-3.599676,0.005718475
7,48,2,25,3,35,15,4,0,0,6,5,48,0.2167058,-3.608012,0.004252199
8,41,2,16,5,33,19,3,0,0,6,8,47,0.2121911,-3.397423,0.01609238
4,43,1,14,5,37,17,3,0,0,4,10,51,0.2302499,-3.509761,0.01132698
8,44,2,11,4,36,13,2,0,0,7,10,47,0.2121911,-3.463471,0.01228006
0,49,0,22,4,40,55,2,0,0,0,6,55,0.2483087,-3.626777,0.005205279
8,43,1,11,4,34,14,2,0,0,8,11,47,0.2121911,-3.451405,0.01297654
11,49,2,20,3,31,13,1,0,0,10,7,44,0.198647,-3.504365,0.00861437
6,48,1,19,3,36,18,1,0,0,6,8,49,0.2212205,-3.536343,0.008870968
5,46,1,11,4,34,18,2,0,0,5,8,50,0.2257352,-3.558429,0.007917889
6,48,2,15,3,38,18,1,0,0,5,8,49,0.2212205,-3.580907,0.006195015
7,50,2,28,2,36,12,1,0,0,6,6,48,0.2167058,-3.62731,0.003115836
3,49,1,32,4,40,24,3,0,0,3,5,52,0.2347646,-3.605377,0.005681818
10,44,2,12,4,34,11,2,0,0,9,11,45,0.2031617,-3.436111,0.01282991
9,47,1,13,2,35,9,2,0,0,9,7,46,0.2076764,-3.559284,0.006378299
6,48,2,19,5,35,22,1,0,0,5,8,49,0.2212205,-3.59861,0.005131965
9,44,2,12,4,34,12,3,0,0,7,9,46,0.2076764,-3.452987,0.01239003
5,50,1,19,2,34,20,1,0,0,5,6,50,0.2257352,-3.609931,0.004765396
6,48,1,15,3,36,24,1,0,0,6,8,49,0.2212205,-3.580296,0.006231672
6,41,1,13,4,34,26,4,0,0,6,9,49,0.2212205,-3.490558,0.01162023
4,44,1,13,4,37,32,4,0,0,4,8,51,0.2302499,-3.539733,0.009457478
6,42,2,13,5,35,23,2,0,0,5,11,49,0.2212205,-3.41303,0.01627566
7,42,2,10,5,37,12,3,0,0,6,12,48,0.2167058,-3.422498,0.01517595
5,43,2,9,4,37,14,3,0,0,4,8,50,0.2257352,-3.530283,0.009640762
4,42,1,10,4,38,25,3,0,0,4,11,51,0.2302499,-3.523865,0.01044721
2,48,1,25,3,38,23,2,0,0,2,6,53,0.2392793,-3.597845,0.00648827
9,50,1,21,2,33,8,1,0,0,9,6,46,0.2076764,-3.618915,0.003005865
3,41,1,8,6,37,45,4,0,0,3,10,52,0.2347646,-3.447301,0.01572581
3,44,1,16,3,37,17,3,0,0,3,10,52,0.2347646,-3.567877,0.008064516
8,49,2,34,4,33,14,1,0,0,6,7,47,0.2121911,-3.573976,0.00590176
11,48,2,13,3,34,17,1,0,0,10,7,44,0.198647,-3.530052,0.007221408
10,45,2,12,4,31,13,2,0,0,9,10,45,0.2031617,-3.497656,0.009420821
6,50,1,31,2,37,17,2,0,0,6,4,49,0.2212205,-3.574192,0.00659824
7,50,2,24,3,35,18,1,0,0,6,6,48,0.2167058,-3.624197,0.00329912
6,48,1,23,3,38,14,2,0,0,6,7,49,0.2212205,-3.55893,0.007514663
1,47,1,16,3,39,37,1,0,0,1,9,54,0.243794,-3.568321,0.008760997
13,50,4,24,2,31,12,1,0,0,10,6,42,0.1896175,-3.564614,0.004618768
5,46,1,12,3,37,25,2,0,0,5,9,50,0.2257352,-3.563819,0.007587977
4,45,2,19,3,37,34,3,0,0,3,7,51,0.2302499,-3.527391,0.01022727
8,47,2,11,4,36,7,2,0,0,7,8,47,0.2121911,-3.551748,0.007184751
5,44,1,8,4,37,20,1,0,0,5,12,50,0.2257352,-3.49016,0.01209677
7,47,1,15,3,34,11,3,0,0,7,7,48,0.2167058,-3.527705,0.008980938
8,47,3,17,4,33,17,2,0,0,5,8,47,0.2121911,-3.554923,0.007001466
10,46,2,15,3,33,13,1,0,0,8,10,45,0.2031617,-3.485082,0.0101173
9,45,2,14,4,33,16,2,0,0,8,9,46,0.2076764,-3.460765,0.01195015
9,51,2,18,2,34,10,1,0,0,7,5,46,0.2076764,-3.59234,0.004508798
9,51,2,18,3,32,13,1,0,0,8,5,46,0.2076764,-3.598174,0.004178886
6,49,2,13,4,38,19,2,0,0,4,6,49,0.2212205,-3.51986,0.009860704
5,41,2,15,5,38,22,3,0,0,4,12,50,0.2257352,-3.467403,0.01348974
5,47,1,11,3,37,16,2,0,0,5,8,50,0.2257352,-3.55783,0.007954545
2,52,1,36,2,39,45,2,0,0,2,3,53,0.2392793,-3.643735,0.003519062
8,45,2,11,4,33,16,2,0,0,7,10,47,0.2121911,-3.462201,0.01235337
6,46,1,17,4,35,17,2,0,0,6,9,49,0.2212205,-3.604104,0.004802053
2,44,1,8,4,37,19,2,0,0,2,10,53,0.2392793,-3.572351,0.00813783
5,50,1,17,2,36,16,1,0,0,5,6,50,0.2257352,-3.648856,0.002382698
3,46,1,12,3,37,27,1,0,0,3,9,52,0.2347646,-3.582877,0.007111437
6,48,2,21,2,35,19,2,0,0,5,7,49,0.2212205,-3.525355,0.009530792
7,47,2,15,3,35,20,2,0,0,6,7,48,0.2167058,-3.52148,0.009347507
7,48,2,16,4,34,13,1,0,0,6,8,48,0.2167058,-3.589336,0.005351906
5,39,1,11,5,35,25,3,0,0,5,10,50,0.2257352,-3.447641,0.01469941
9,48,1,14,2,34,15,2,0,0,9,7,46,0.2076764,-3.589099,0.004692082
13,51,3,32,2,31,9,1,0,0,10,5,42,0.1896175,-3.594986,0.003042522
4,49,1,18,4,37,25,2,0,0,4,6,51,0.2302499,-3.544434,0.009164223
2,46,1,9,4,40,50,3,0,0,2,8,53,0.2392793,-3.565552,0.008577713
2,44,1,13,5,38,40,2,0,0,2,9,53,0.2392793,-3.524761,0.01121701
9,48,2,17,4,33,11,1,0,0,8,8,46,0.2076764,-3.511969,0.009054252
7,51,2,24,3,36,16,1,0,0,6,5,48,0.2167058,-3.601164,0.004655425
9,48,1,16,3,35,13,2,0,0,9,7,46,0.2076764,-3.519099,0.008651026
20,50,3,13,2,27,12,1,0,0,12,6,35,0.1580146,-3.486506,0.005498534
9,46,1,16,3,34,10,2,0,0,9,8,46,0.2076764,-3.495765,0.009970674
7,45,1,14,6,36,16,3,0,0,7,9,48,0.2167058,-3.547004,0.007844575
8,51,1,25,2,36,19,2,0,0,8,4,47,0.2121911,-3.599379,0.004435484
13,51,2,35,3,32,17,1,0,0,9,5,42,0.1896175,-3.528592,0.00648827
5,49,1,28,3,37,17,1,0,0,5,7,50,0.2257352,-3.608134,0.004875367
7,46,2,15,4,35,14,3,0,0,6,6,48,0.2167058,-3.584356,0.005645161
6,47,1,13,3,36,15,2,0,0,6,8,49,0.2212205,-3.529628,0.009274194
4,46,1,23,4,38,25,2,0,0,4,8,51,0.2302499,-3.568529,0.00766129
4,46,1,14,4,37,22,3,0,0,4,7,51,0.2302499,-3.522102,0.01055718
8,42,2,15,6,33,18,5,0,0,7,8,47,0.2121911,-3.435528,0.01389296
4,45,2,21,5,38,24,3,0,0,3,7,51,0.2302499,-3.533268,0.009860704
8,49,1,20,3,35,11,1,0,0,8,7,47,0.2121911,-3.576516,0.005755132
3,48,1,14,4,38,41,1,0,0,3,8,52,0.2347646,-3.581723,0.007184751
3,39,1,8,6,37,15,3,0,0,3,13,52,0.2347646,-3.439802,0.01620235
5,43,2,11,5,36,21,3,0,0,4,10,50,0.2257352,-3.519504,0.01030059
10,47,2,16,4,34,9,3,0,0,8,7,45,0.2031617,-3.546627,0.006708211
4,43,2,8,4,36,25,3,0,0,3,8,51,0.2302499,-3.476851,0.01337977
9,49,1,13,2,34,11,1,0,0,9,7,46,0.2076764,-3.595581,0.004325513
6,46,2,20,3,37,18,2,0,0,5,8,49,0.2212205,-3.57236,0.006708211
4,47,1,15,4,38,27,2,0,0,4,8,51,0.2302499,-3.562064,0.008064516
9,43,1,18,6,36,11,3,0,0,9,9,46,0.2076764,-3.441968,0.0130132
7,45,1,12,3,35,15,2,0,0,7,8,48,0.2167058,-3.477903,0.01191349
4,49,1,13,2,38,15,1,0,0,4,7,51,0.2302499,-3.553837,0.008577713
6,48,2,14,3,37,29,1,0,0,5,8,49,0.2212205,-3.605936,0.004692082
6,51,1,31,2,37,16,1,0,0,6,5,49,0.2212205,-3.619366,0.00388563
3,46,1,21,5,38,33,2,0,0,3,8,52,0.2347646,-3.539608,0.009860704
5,46,1,13,3,39,15,1,0,0,5,9,50,0.2257352,-3.585378,0.006268328
8,47,2,11,3,36,22,2,0,0,7,8,47,0.2121911,-3.519994,0.009017595
6,49,2,16,2,35,23,2,0,0,5,6,49,0.2212205,-3.560151,0.007441349
6,40,1,15,6,34,11,4,0,0,6,12,49,0.2212205,-3.503378,0.01085044
0,46,0,11,4,40,55,1,0,0,0,10,55,0.2483087,-3.586856,0.007881232
7,45,1,10,4,35,12,2,0,0,7,10,48,0.2167058,-3.512765,0.009860704
6,41,1,7,5,35,19,3,0,0,6,11,49,0.2212205,-3.513756,0.01022727
7,50,1,13,2,36,25,1,0,0,7,6,48,0.2167058,-3.592448,0.005168622
9,42,5,10,5,33,14,2,0,0,5,11,46,0.2076764,-3.526228,0.008247801
6,45,1,18,3,35,14,2,0,0,6,9,49,0.2212205,-3.496663,0.01125367
1,41,1,9,9,39,53,6,0,0,1,10,54,0.243794,-3.431971,0.01774194
9,41,4,6,5,34,10,4,0,0,6,12,46,0.2076764,-3.403727,0.01517595
5,51,1,19,2,40,20,1,0,0,5,5,50,0.2257352,-3.645862,0.002565982
8,49,2,23,4,36,16,2,0,0,7,6,47,0.2121911,-3.523169,0.008834311
6,51,1,20,2,37,16,2,0,0,6,4,49,0.2212205,-3.616313,0.004068915
11,48,2,16,3,31,16,1,0,0,10,8,44,0.198647,-3.533432,0.007038123
8,47,2,18,3,35,9,3,0,0,7,6,47,0.2121911,-3.575246,0.005828446
1,48,1,24,4,39,47,2,0,0,1,7,54,0.243794,-3.537712,0.01077713
7,47,1,11,3,36,20,2,0,0,7,8,48,0.2167058,-3.559454,0.007111437
3,49,1,13,3,37,27,1,0,0,3,7,52,0.2347646,-3.600185,0.00601173
3,44,1,9,5,40,36,3,0,0,3,10,52,0.2347646,-3.542493,0.009677419
6,50,1,18,2,35,12,1,0,0,6,6,49,0.2212205,-3.587011,0.005828446
5,47,1,11,2,38,39,1,0,0,5,9,50,0.2257352,-3.596157,0.005608504
5,46,2,20,4,37,20,2,0,0,4,9,50,0.2257352,-3.561424,0.007734604
6,44,1,11,5,36,16,3,0,0,6,10,49,0.2212205,-3.464308,0.01319648
5,44,1,10,4,37,17,2,0,0,5,11,50,0.2257352,-3.512318,0.01074047
5,40,1,9,5,36,26,4,0,0,5,8,50,0.2257352,-3.43267,0.01561584
7,43,3,14,4,38,19,2,0,0,5,10,48,0.2167058,-3.481016,0.01173021
4,44,1,17,5,36,26,2,0,0,4,8,51,0.2302499,-3.513287,0.01110704
6,44,1,14,4,35,24,2,0,0,6,10,49,0.2212205,-3.523523,0.009640762
3,48,1,16,2,38,22,2,0,0,3,7,52,0.2347646,-3.601915,0.00590176
8,49,2,16,3,35,12,2,0,0,7,6,47,0.2121911,-3.563814,0.00648827
5,52,1,37,2,36,20,1,0,0,5,4,50,0.2257352,-3.601547,0.005278592
6,49,1,16,3,35,25,2,0,0,6,5,49,0.2212205,-3.602883,0.004875367
8,45,1,16,4,34,11,2,0,0,8,9,47,0.2121911,-3.485699,0.01099707
6,45,1,10,4,35,11,1,0,0,6,11,49,0.2212205,-3.524744,0.009567449
7,47,2,13,3,36,25,2,0,0,6,8,48,0.2167058,-3.52397,0.00920088
7,41,3,7,4,34,19,3,0,0,4,11,48,0.2167058,-3.429968,0.01473607
6,46,1,22,3,36,14,3,0,0,6,6,49,0.2212205,-3.540006,0.008651026
4,44,2,9,3,37,39,2,0,0,3,11,51,0.2302499,-3.539733,0.009457478
8,44,2,8,4,35,15,2,0,0,7,11,47,0.2121911,-3.434893,0.01392962
3,47,1,10,3,38,25,1,0,0,3,9,52,0.2347646,-3.609992,0.005388563
3,44,1,9,5,37,19,3,0,0,3,10,52,0.2347646,-3.494032,0.0127566
11,48,2,19,3,31,15,2,0,0,8,7,44,0.198647,-3.576019,0.004728739
14,51,2,17,2,34,13,1,0,0,11,5,41,0.1851028,-3.598629,0.002529326
5,48,2,17,4,38,26,2,0,0,4,7,50,0.2257352,-3.537469,0.00920088
8,44,2,16,4,37,16,3,0,0,7,9,47,0.2121911,-3.532695,0.008284457
6,49,2,19,2,36,17,2,0,0,5,6,49,0.2212205,-3.566256,0.00707478
5,45,1,15,5,35,23,3,0,0,5,9,50,0.2257352,-3.506329,0.01110704
7,42,2,11,5,36,19,4,0,0,6,9,48,0.2167058,-3.46732,0.01253666
5,46,1,11,4,37,17,1,0,0,5,10,50,0.2257352,-3.528487,0.009750733
6,47,1,13,3,37,19,2,0,0,6,7,49,0.2212205,-3.607767,0.004582111
8,48,2,21,3,33,14,1,0,0,7,8,47,0.2121911,-3.576516,0.005755132
7,51,2,20,2,36,27,1,0,0,6,5,48,0.2167058,-3.601786,0.004618768
9,48,2,18,4,38,17,1,0,0,7,8,46,0.2076764,-3.553451,0.006708211
6,47,1,18,2,34,24,1,0,0,6,9,49,0.2212205,-3.523523,0.009640762
6,50,2,21,2,38,23,1,0,0,5,6,49,0.2212205,-3.598,0.005168622
5,48,2,11,4,35,24,1,0,0,4,8,50,0.2257352,-3.566214,0.007441349
10,47,3,14,3,35,18,1,0,0,8,9,45,0.2031617,-3.504935,0.009017595
8,48,1,15,3,33,13,1,0,0,8,8,47,0.2121911,-3.535236,0.00813783
10,48,2,21,5,32,13,1,0,0,8,8,45,0.2031617,-3.547289,0.006671554
10,52,1,26,1,37,12,1,0,0,10,4,45,0.2031617,-3.628026,0.002199413
10,51,2,13,2,36,10,1,0,0,9,5,45,0.2031617,-3.586996,0.004472141
8,46,1,13,4,36,13,2,0,0,8,8,47,0.2121911,-3.587313,0.005131965
6,45,1,12,4,35,14,2,0,0,6,8,49,0.2212205,-3.552825,0.007881232
3,46,1,16,4,38,23,3,0,0,3,8,52,0.2347646,-3.571916,0.007807918
10,44,1,15,4,31,10,2,0,0,10,11,45,0.2031617,-3.496994,0.009457478
3,47,1,22,4,39,25,2,0,0,3,8,52,0.2347646,-3.533262,0.01026393
3,44,1,15,5,39,21,3,0,0,3,10,52,0.2347646,-3.537878,0.009970674
4,44,1,7,3,35,25,2,0,0,4,10,51,0.2302499,-3.511524,0.01121701
7,47,1,11,3,36,16,2,0,0,7,8,48,0.2167058,-3.570037,0.00648827
8,44,1,8,4,36,15,2,0,0,8,10,47,0.2121911,-3.566355,0.006341642
5,45,1,11,4,37,23,2,0,0,5,10,50,0.2257352,-3.570406,0.007184751
5,46,2,10,3,37,21,1,0,0,4,10,50,0.2257352,-3.547051,0.00861437
3,44,1,8,4,38,25,2,0,0,3,9,52,0.2347646,-3.503839,0.01213343
7,47,2,11,4,35,17,1,0,0,6,9,48,0.2167058,-3.560699,0.007038123
3,48,1,13,3,39,21,1,0,0,3,8,52,0.2347646,-3.552301,0.009054252
5,49,2,14,2,37,23,1,0,0,3,7,50,0.2257352,-3.643467,0.00271261
11,46,1,16,3,31,10,2,0,0,11,8,44,0.198647,-3.503689,0.008651026
5,44,1,10,4,37,17,2,0,0,5,10,50,0.2257352,-3.535673,0.00931085
4,48,1,18,3,38,28,2,0,0,4,7,51,0.2302499,-3.592624,0.006158358
4,45,2,9,4,37,33,2,0,0,3,9,51,0.2302499,-3.448054,0.01517595
8,47,1,15,4,33,11,1,0,0,8,9,47,0.2121911,-3.53079,0.008394428
10,53,2,26,1,34,13,1,0,0,8,3,45,0.2031617,-3.631997,0.001979472
2,42,1,13,5,39,23,4,0,0,2,9,53,0.2392793,-3.5004,0.01279326
8,44,2,12,6,35,28,4,0,0,5,7,47,0.2121911,-3.478078,0.01143695
6,44,1,10,5,36,14,2,0,0,6,11,49,0.2212205,-3.525355,0.009530792
5,50,1,22,3,37,14,2,0,0,5,5,50,0.2257352,-3.61053,0.004728739
9,51,2,20,2,34,11,1,0,0,7,5,46,0.2076764,-3.603359,0.00388563
7,47,1,18,3,37,13,2,0,0,7,7,48,0.2167058,-3.564435,0.006818182
5,41,2,9,6,37,23,3,0,0,4,11,50,0.2257352,-3.453031,0.0143695
7,49,2,16,2,37,18,1,0,0,4,7,48,0.2167058,-3.6298,0.002969208
11,52,3,26,1,33,15,1,0,0,8,4,44,0.198647,-3.597651,0.003555718
10,49,2,15,2,35,14,1,0,0,9,7,45,0.2031617,-3.531406,0.00755132
4,41,1,10,7,35,18,5,0,0,4,8,51,0.2302499,-3.4745,0.01352639
4,48,1,18,3,37,16,2,0,0,4,7,51,0.2302499,-3.580283,0.006928152
4,45,1,13,4,38,15,1,0,0,4,11,51,0.2302499,-3.557363,0.008357771
3,46,1,13,3,37,20,2,0,0,3,8,52,0.2347646,-3.577108,0.007478006
6,49,1,15,3,36,23,2,0,0,6,6,49,0.2212205,-3.61204,0.004325513
7,49,2,23,3,35,12,2,0,0,6,6,48,0.2167058,-3.596806,0.004912023
7,42,2,13,4,34,19,3,0,0,6,10,48,0.2167058,-3.479771,0.01180352
5,44,1,10,4,36,24,2,0,0,5,11,50,0.2257352,-3.550045,0.008431085
8,44,2,14,4,34,14,2,0,0,7,10,47,0.2121911,-3.467282,0.01206012
3,45,1,12,4,38,27,3,0,0,3,8,52,0.2347646,-3.514224,0.01147361
2,49,1,30,3,39,33,2,0,0,2,6,53,0.2392793,-3.566119,0.008541056
3,50,1,23,3,39,21,2,0,0,3,5,52,0.2347646,-3.622684,0.004582111
1,44,1,11,3,40,53,2,0,0,1,9,54,0.243794,-3.513781,0.01235337
11,45,2,11,4,33,18,3,0,0,9,8,44,0.198647,-3.486789,0.009567449
5,46,1,13,4,38,24,2,0,0,5,8,50,0.2257352,-3.545853,0.008687683
11,51,2,15,2,33,16,1,0,0,8,5,44,0.198647,-3.623338,0.002162757
5,44,2,11,5,39,25,4,0,0,4,9,50,0.2257352,-3.55304,0.008247801
4,44,1,11,3,37,31,2,0,0,4,11,51,0.2302499,-3.520927,0.0106305
7,45,2,18,4,34,12,2,0,0,6,10,48,0.2167058,-3.525838,0.009090909
6,47,2,21,4,37,15,2,0,0,5,8,49,0.2212205,-3.561372,0.007368035
6,47,1,14,3,35,21,2,0,0,6,8,49,0.2212205,-3.580296,0.006231672
4,44,2,12,3,38,19,3,0,0,3,9,51,0.2302499,-3.49977,0.01195015
11,46,2,13,3,34,11,1,0,0,9,10,44,0.198647,-3.479353,0.009970674
1,49,1,29,3,39,43,2,0,0,1,6,54,0.243794,-3.590026,0.007331378
11,48,2,20,2,33,14,2,0,0,10,7,44,0.198647,-3.578723,0.004582111
6,50,1,29,2,39,22,1,0,0,6,5,49,0.2212205,-3.62486,0.003555718
4,49,1,16,2,37,20,1,0,0,4,7,51,0.2302499,-3.627885,0.003958944
15,43,2,13,4,31,7,3,0,0,14,9,40,0.1805881,-3.370248,0.01352639
3,47,1,11,3,38,19,1,0,0,3,9,52,0.2347646,-3.613454,0.005168622
7,50,2,16,1,35,14,1,0,0,6,6,48,0.2167058,-3.630423,0.002932551
5,50,1,21,3,38,15,1,0,0,5,6,50,0.2257352,-3.612925,0.004582111
7,41,2,11,5,30,18,4,0,0,5,9,48,0.2167058,-3.365848,0.01851173
7,48,2,14,3,37,26,2,0,0,6,7,48,0.2167058,-3.613614,0.003922287
6,45,2,20,5,36,19,2,0,0,5,9,49,0.2212205,-3.482012,0.01213343
6,50,1,14,2,36,16,1,0,0,6,6,49,0.2212205,-3.555267,0.007734604
8,50,1,32,4,38,17,2,0,0,8,5,47,0.2121911,-3.595569,0.004655425
7,42,1,14,4,36,12,2,0,0,7,12,48,0.2167058,-3.456737,0.01315982
8,50,1,19,2,35,14,2,0,0,8,5,47,0.2121911,-3.601284,0.004325513
4,52,1,16,2,37,18,1,0,0,4,4,51,0.2302499,-3.66961,0.001356305
6,45,1,12,4,35,15,2,0,0,6,9,49,0.2212205,-3.547942,0.008174487
7,41,1,7,5,36,16,3,0,0,7,11,48,0.2167058,-3.475413,0.01206012
9,44,2,17,4,33,27,2,0,0,8,11,46,0.2076764,-3.462709,0.01184018
10,48,2,17,3,34,11,2,0,0,8,7,45,0.2031617,-3.518171,0.008284457
10,48,2,12,3,34,15,2,0,0,7,7,45,0.2031617,-3.531406,0.00755132
7,48,2,23,4,35,17,2,0,0,5,6,48,0.2167058,-3.565057,0.006781525
7,48,1,20,2,34,25,2,0,0,7,7,48,0.2167058,-3.546381,0.007881232
5,42,2,8,4,34,16,3,0,0,4,11,50,0.2257352,-3.499742,0.01151026
7,43,2,8,3,34,29,2,0,0,6,11,48,0.2167058,-3.486618,0.01140029
5,45,1,18,5,36,12,3,0,0,5,9,50,0.2257352,-3.503335,0.01129032
4,44,2,10,3,38,26,2,0,0,3,11,51,0.2302499,-3.547372,0.008980938
3,47,1,11,3,38,27,1,0,0,3,9,52,0.2347646,-3.599031,0.006085044
9,43,2,12,4,32,16,2,0,0,8,11,46,0.2076764,-3.409561,0.01484604
3,44,1,11,6,37,23,2,0,0,3,10,52,0.2347646,-3.49807,0.0125
9,48,2,12,3,35,12,1,0,0,8,8,46,0.2076764,-3.528821,0.008101173
5,47,1,22,5,38,22,2,0,0,5,6,50,0.2257352,-3.577593,0.006744868
7,47,2,20,3,34,17,2,0,0,6,8,48,0.2167058,-3.520235,0.009420821
4,49,1,14,3,38,29,1,0,0,4,7,51,0.2302499,-3.598501,0.005791789
8,42,2,12,3,32,14,3,0,0,7,9,47,0.2121911,-3.504117,0.009934018
6,51,1,32,2,38,18,1,0,0,6,5,49,0.2212205,-3.619366,0.00388563
3,47,1,18,4,38,17,2,0,0,3,8,52,0.2347646,-3.5748,0.007624633
6,52,3,26,2,35,25,1,0,0,4,4,49,0.2212205,-3.648668,0.0021261
5,48,2,15,4,38,17,2,0,0,4,7,50,0.2257352,-3.566813,0.007404692
10,47,2,17,5,33,11,3,0,0,9,7,45,0.2031617,-3.509568,0.008760997
8,53,2,23,1,34,11,1,0,0,7,3,47,0.2121911,-3.657807,0.00106305
18,49,4,24,4,30,5,1,0,0,13,7,37,0.167044,-3.499773,0.005791789
9,51,1,33,2,34,15,1,0,0,9,5,46,0.2076764,-3.578081,0.005315249
4,49,1,30,2,39,27,2,0,0,4,6,51,0.2302499,-3.572055,0.007441349
6,42,1,17,6,36,16,3,0,0,6,10,49,0.2212205,-3.456983,0.01363636
4,47,2,17,4,37,30,1,0,0,3,9,51,0.2302499,-3.529742,0.01008065
6,47,1,18,4,34,16,2,0,0,6,8,49,0.2212205,-3.445995,0.01429619
6,46,1,15,5,35,16,2,0,0,6,8,49,0.2212205,-3.51864,0.009934018
6,50,2,11,2,36,18,1,0,0,5,6,49,0.2212205,-3.626691,0.003445748
3,46,1,21,4,36,20,2,0,0,3,8,52,0.2347646,-3.557493,0.00872434
10,45,4,16,5,32,21,3,0,0,6,8,45,0.2031617,-3.483097,0.01022727
4,51,2,29,3,38,46,2,0,0,3,4,51,0.2302499,-3.604965,0.005388563
4,49,1,15,3,38,25,2,0,0,4,6,51,0.2302499,-3.600264,0.005681818
7,44,1,9,4,35,14,2,0,0,7,10,48,0.2167058,-3.489109,0.01125367
10,46,2,16,3,33,14,1,0,0,9,10,45,0.2031617,-3.483097,0.01022727
8,49,2,18,3,36,18,2,0,0,6,6,47,0.2121911,-3.554288,0.007038123
10,46,2,14,3,35,23,2,0,0,8,8,45,0.2031617,-3.535377,0.007331378
4,49,1,16,2,37,24,2,0,0,4,6,51,0.2302499,-3.570292,0.00755132
9,49,2,14,3,31,16,1,0,0,8,7,46,0.2076764,-3.598822,0.004142229
4,49,1,21,3,38,31,2,0,0,4,6,51,0.2302499,-3.57852,0.007038123
8,45,2,25,7,35,19,4,0,0,6,7,47,0.2121911,-3.45458,0.01279326
5,48,2,19,4,35,22,1,0,0,4,8,50,0.2257352,-3.557232,0.007991202
7,50,2,22,2,37,17,1,0,0,5,6,48,0.2167058,-3.567547,0.006634897
2,46,1,11,4,40,31,2,0,0,2,8,53,0.2392793,-3.576883,0.007844575
7,48,1,20,4,35,14,2,0,0,7,6,48,0.2167058,-3.571905,0.006378299
3,47,1,19,5,39,22,4,0,0,3,6,52,0.2347646,-3.49807,0.0125
15,50,5,27,2,31,11,1,0,0,11,5,40,0.1805881,-3.572132,0.003519062
8,46,2,18,5,35,14,3,0,0,6,8,47,0.2121911,-3.544762,0.007587977
5,48,2,13,3,36,21,1,0,0,4,8,50,0.2257352,-3.596157,0.005608504
6,45,1,13,4,36,17,4,0,0,6,7,49,0.2212205,-3.463698,0.01323314
3,47,1,8,3,37,22,1,0,0,3,9,52,0.2347646,-3.571916,0.007807918
5,48,2,16,3,37,21,1,0,0,3,8,50,0.2257352,-3.553639,0.008211144
7,45,2,15,6,36,18,2,0,0,6,8,48,0.2167058,-3.513387,0.009824047
6,46,1,14,4,37,16,2,0,0,6,9,49,0.2212205,-3.550384,0.008027859
5,48,1,14,3,37,18,2,0,0,5,7,50,0.2257352,-3.627897,0.003665689
9,47,3,19,3,35,21,2,0,0,6,8,46,0.2076764,-3.512617,0.009017595
12,46,2,10,4,30,10,3,0,0,11,7,43,0.1941323,-3.486504,0.009127566
6,50,1,16,2,36,17,1,0,0,6,6,49,0.2212205,-3.648058,0.002162757
11,47,2,10,2,33,12,2,0,0,9,8,44,0.198647,-3.540868,0.006634897
5,47,2,17,5,36,18,2,0,0,3,7,50,0.2257352,-3.582982,0.006414956
2,45,1,10,4,39,53,4,0,0,2,8,53,0.2392793,-3.602378,0.006195015
12,50,2,15,2,32,9,1,0,0,11,6,43,0.1941323,-3.578383,0.004252199
6,42,2,15,5,38,14,3,0,0,5,10,49,0.2212205,-3.458204,0.01356305
5,49,1,14,3,38,20,1,0,0,5,6,50,0.2257352,-3.648856,0.002382698
9,46,2,22,3,34,21,2,0,0,6,9,46,0.2076764,-3.522988,0.008431085
4,52,1,33,2,38,24,1,0,0,4,4,51,0.2302499,-3.624946,0.004142229
6,49,1,14,3,36,16,2,0,0,6,6,49,0.2212205,-3.538174,0.008760997
8,46,1,19,4,35,14,2,0,0,8,9,47,0.2121911,-3.490145,0.01074047
8,49,2,36,3,35,18,3,0,0,7,5,47,0.2121911,-3.579692,0.005571848
8,46,2,10,3,35,17,2,0,0,7,9,47,0.2121911,-3.549843,0.007294721
8,49,1,21,3,36,18,1,0,0,8,7,47,0.2121911,-3.612081,0.003702346
9,50,2,18,3,34,11,1,0,0,7,6,46,0.2076764,-3.58197,0.005095308
12,49,2,16,2,31,20,2,0,0,10,6,43,0.1941323,-3.565258,0.00494868
9,46,2,10,4,37,17,2,0,0,8,9,46,0.2076764,-3.529469,0.008064516
9,48,1,22,5,34,14,3,0,0,9,6,46,0.2076764,-3.477617,0.01099707
11,51,2,19,2,33,12,1,0,0,9,5,44,0.198647,-3.594947,0.003702346
7,45,1,16,5,33,16,3,0,0,7,8,48,0.2167058,-3.498447,0.01070381
7,50,1,28,3,34,17,2,0,0,7,5,48,0.2167058,-3.612369,0.003995601
3,48,1,16,3,38,33,1,0,0,3,8,52,0.2347646,-3.590377,0.006634897
7,47,1,9,3,34,10,1,0,0,7,9,48,0.2167058,-3.561944,0.006964809
6,46,2,9,3,36,18,1,0,0,4,10,49,0.2212205,-3.564424,0.007184751
5,49,1,29,3,36,18,3,0,0,5,4,50,0.2257352,-3.581785,0.00648827
7,49,1,19,3,37,15,2,0,0,7,6,48,0.2167058,-3.589958,0.005315249
6,48,2,13,2,36,31,2,0,0,5,7,49,0.2212205,-3.605325,0.004728739
8,47,2,16,3,34,18,2,0,0,7,7,47,0.2121911,-3.541587,0.007771261
4,40,1,10,5,39,23,3,0,0,4,12,51,0.2302499,-3.471562,0.01370968
4,42,2,12,4,37,36,3,0,0,3,10,51,0.2302499,-3.553837,0.008577713
13,45,2,13,3,29,9,2,0,0,12,9,42,0.1896175,-3.481269,0.008944282
5,50,1,27,3,36,13,1,0,0,5,6,50,0.2257352,-3.629094,0.003592375
5,51,1,24,3,36,18,1,0,0,5,5,50,0.2257352,-3.598553,0.005461877
2,45,1,14,5,39,28,3,0,0,2,9,53,0.2392793,-3.564419,0.008651026
9,48,1,14,3,34,11,2,0,0,9,7,46,0.2076764,-3.550858,0.006854839
6,48,1,25,4,37,17,3,0,0,6,5,49,0.2212205,-3.530849,0.00920088
9,43,2,11,5,33,14,2,0,0,8,11,46,0.2076764,-3.412153,0.01469941
10,47,1,10,4,32,8,3,0,0,10,7,45,0.2031617,-3.477803,0.01052053
7,46,2,19,5,37,13,2,0,0,6,8,48,0.2167058,-3.577508,0.006048387
8,48,2,19,3,35,8,2,0,0,7,7,47,0.2121911,-3.583502,0.005351906
2,47,1,17,4,39,27,2,0,0,2,8,53,0.2392793,-3.554788,0.009274194
8,45,3,10,5,33,16,2,0,0,5,10,47,0.2121911,-3.472362,0.01176686
4,44,2,9,3,36,32,2,0,0,3,10,51,0.2302499,-3.538557,0.009530792
4,45,1,16,4,36,30,2,0,0,4,9,51,0.2302499,-3.480377,0.01315982
8,48,3,27,3,35,14,2,0,0,5,6,47,0.2121911,-3.526345,0.008651026
7,45,2,11,4,36,27,3,0,0,6,8,48,0.2167058,-3.499069,0.01066716
6,49,1,10,2,36,14,2,0,0,6,6,49,0.2212205,-3.605936,0.004692082
10,46,2,17,3,33,13,2,0,0,9,9,45,0.2031617,-3.557878,0.006085044
7,47,2,12,3,36,17,1,0,0,6,9,48,0.2167058,-3.533931,0.00861437
13,46,3,29,4,34,15,4,0,0,9,7,42,0.1896175,-3.472087,0.009420821
2,37,1,6,4,38,35,2,0,0,2,14,53,0.2392793,-3.48397,0.0138563
5,45,1,12,6,38,27,5,0,0,5,6,50,0.2257352,-3.494352,0.01184018
3,47,1,18,3,38,26,1,0,0,3,8,52,0.2347646,-3.521147,0.01103372
7,48,1,15,4,35,15,1,0,0,7,8,48,0.2167058,-3.532686,0.008687683
13,46,2,17,3,32,10,2,0,0,11,8,42,0.1896175,-3.509521,0.007478006
8,52,1,22,2,35,14,1,0,0,8,4,47,0.2121911,-3.640024,0.002089443
10,45,2,10,4,35,12,1,0,0,9,11,45,0.2031617,-3.495671,0.009530792
3,48,1,12,3,38,20,2,0,0,3,6,52,0.2347646,-3.561531,0.008467742
4,45,1,10,3,38,33,2,0,0,4,9,51,0.2302499,-3.536794,0.009640762
13,48,2,16,4,32,9,2,0,0,12,7,42,0.1896175,-3.556138,0.005058651
13,52,3,18,2,31,13,1,0,0,10,4,42,0.1896175,-3.594986,0.003042522
2,47,1,15,3,40,24,2,0,0,2,8,53,0.2392793,-3.550822,0.009530792
4,49,1,11,2,38,18,1,0,0,4,7,51,0.2302499,-3.569117,0.007624633
6,52,1,18,2,38,22,1,0,0,6,4,49,0.2212205,-3.641953,0.002529326
3,47,1,17,4,40,24,2,0,0,3,7,52,0.2347646,-3.536724,0.01004399
5,49,1,14,3,37,18,1,0,0,5,7,50,0.2257352,-3.597355,0.005535191
4,48,1,27,4,38,24,2,0,0,4,7,51,0.2302499,-3.589098,0.006378299
10,44,2,13,4,32,11,2,0,0,9,11,45,0.2031617,-3.384492,0.01568915
7,44,1,14,4,36,18,2,0,0,7,10,48,0.2167058,-3.512765,0.009860704
5,49,1,22,2,37,13,2,0,0,5,6,50,0.2257352,-3.557232,0.007991202
6,47,1,19,3,34,13,2,0,0,6,8,49,0.2212205,-3.512535,0.01030059
9,49,2,33,3,34,15,1,0,0,7,7,46,0.2076764,-3.56771,0.00590176
16,45,4,18,4,30,13,3,0,0,11,8,39,0.1760734,-3.399724,0.01151026
13,49,3,27,4,33,10,1,0,0,11,7,42,0.1896175,-3.561083,0.004802053
7,47,2,16,4,33,12,2,0,0,6,8,48,0.2167058,-3.525215,0.009127566
5,48,1,19,4,37,20,1,0,0,5,8,50,0.2257352,-3.538667,0.009127566
4,49,1,16,3,36,19,1,0,0,4,7,51,0.2302499,-3.564415,0.007917889
8,44,2,19,5,36,18,5,0,0,6,7,47,0.2121911,-3.52952,0.008467742
2,51,1,23,2,39,28,1,0,0,2,5,53,0.2392793,-3.628439,0.004508798
5,46,4,19,4,39,27,2,0,0,2,9,50,0.2257352,-3.518306,0.0103739
4,46,1,12,4,38,25,2,0,0,4,9,51,0.2302499,-3.493893,0.01231672
5,41,1,9,6,35,24,3,0,0,5,12,50,0.2257352,-3.473392,0.01312317
8,44,1,13,4,34,10,3,0,0,8,9,47,0.2121911,-3.478078,0.01143695
6,50,2,19,4,38,17,3,0,0,5,4,49,0.2212205,-3.606546,0.004655425
7,40,2,12,4,35,26,2,0,0,6,12,48,0.2167058,-3.461717,0.01286657
6,44,1,14,4,36,23,3,0,0,6,10,49,0.2212205,-3.420966,0.01579912
5,45,1,14,4,39,20,2,0,0,5,10,50,0.2257352,-3.536871,0.009237537
4,46,1,20,3,37,20,2,0,0,4,8,51,0.2302499,-3.542671,0.009274194
1,48,1,18,3,40,52,2,0,0,1,7,54,0.243794,-3.600043,0.006671554
5,49,2,18,3,38,28,1,0,0,4,7,50,0.2257352,-3.590768,0.005938416
8,46,1,13,3,36,18,2,0,0,8,9,47,0.2121911,-3.579056,0.005608504
8,47,2,13,4,35,14,2,0,0,7,8,47,0.2121911,-3.575246,0.005828446
4,44,1,12,4,37,21,2,0,0,4,9,51,0.2302499,-3.526216,0.01030059
6,44,2,10,4,35,14,2,0,0,5,11,49,0.2212205,-3.458814,0.01352639
8,47,2,13,3,34,19,1,0,0,7,9,47,0.2121911,-3.508562,0.009677419
8,48,2,31,4,37,15,2,0,0,7,7,47,0.2121911,-3.524439,0.008760997
5,46,2,9,3,37,20,2,0,0,4,9,50,0.2257352,-3.534475,0.009384164
4,49,2,14,3,37,22,1,0,0,3,7,51,0.2302499,-3.592624,0.006158358
4,48,1,22,3,36,28,2,0,0,4,7,51,0.2302499,-3.568529,0.00766129
7,49,2,10,2,36,23,1,0,0,6,7,48,0.2167058,-3.548871,0.007734604
5,48,1,12,3,37,23,2,0,0,5,7,50,0.2257352,-3.548848,0.008504399
6,48,1,19,3,36,15,1,0,0,6,8,49,0.2212205,-3.592505,0.005498534
7,44,2,12,3,36,26,2,0,0,6,9,48,0.2167058,-3.494711,0.01092375
9,46,1,12,4,35,13,2,0,0,9,8,46,0.2076764,-3.55734,0.00648827
7,53,1,41,2,35,15,1,0,0,7,3,48,0.2167058,-3.646608,0.001979472
8,47,2,20,4,35,15,2,0,0,7,7,47,0.2121911,-3.435528,0.01389296
9,46,2,14,4,35,18,3,0,0,8,8,46,0.2076764,-3.49771,0.009860704
5,52,1,16,1,37,21,1,0,0,5,4,50,0.2257352,-3.602146,0.005241935
7,47,2,18,5,35,21,2,0,0,5,7,48,0.2167058,-3.512142,0.009897361
8,50,1,37,3,34,11,1,0,0,8,6,47,0.2121911,-3.575246,0.005828446
11,44,2,11,4,31,14,2,0,0,9,10,44,0.198647,-3.475973,0.01015396
5,52,2,35,2,37,21,1,0,0,3,4,50,0.2257352,-3.623705,0.003922287
8,47,2,11,2,33,21,1,0,0,7,9,47,0.2121911,-3.567625,0.006268328
9,41,2,7,6,34,11,2,0,0,8,14,46,0.2076764,-3.425764,0.01392962
3,47,2,22,4,38,23,2,0,0,2,7,52,0.2347646,-3.616338,0.004985337
9,47,2,16,4,33,15,2,0,0,8,8,46,0.2076764,-3.530117,0.008027859
6,49,2,14,3,36,17,2,0,0,5,6,49,0.2212205,-3.607157,0.004618768
7,43,1,7,5,34,11,2,0,0,7,11,48,0.2167058,-3.460472,0.01293988
8,45,2,16,4,35,12,3,0,0,7,7,47,0.2121911,-3.510467,0.009567449
0,48,0,17,2,39,55,2,0,0,0,7,55,0.2483087,-3.626777,0.005205279
9,48,2,25,3,33,13,1,0,0,8,8,46,0.2076764,-3.608544,0.003592375
12,48,4,20,3,30,14,3,0,0,9,6,43,0.1941323,-3.509301,0.007917889
2,47,1,10,4,39,21,2,0,0,2,8,53,0.2392793,-3.612575,0.005535191
11,50,1,27,3,33,12,2,0,0,11,5,44,0.198647,-3.530728,0.007184751
9,49,1,19,2,33,8,1,0,0,9,7,46,0.2076764,-3.578081,0.005315249
7,48,1,17,4,36,13,2,0,0,7,6,48,0.2167058,-3.57066,0.006451613
5,44,1,11,5,36,15,2,0,0,5,9,50,0.2257352,-3.518306,0.0103739
6,51,1,16,2,35,18,1,0,0,6,5,49,0.2212205,-3.641953,0.002529326
8,43,2,23,5,37,14,3,0,0,6,6,47,0.2121911,-3.379005,0.01715543
4,43,2,7,4,37,23,2,0,0,3,12,51,0.2302499,-3.526216,0.01030059
5,48,2,15,4,37,27,2,0,0,4,6,50,0.2257352,-3.605739,0.005021994
9,48,2,15,3,34,9,2,0,0,8,6,46,0.2076764,-3.570303,0.005755132
6,50,2,24,4,35,16,1,0,0,5,6,49,0.2212205,-3.591285,0.005571848
9,47,2,13,3,34,10,2,0,0,8,8,46,0.2076764,-3.553451,0.006708211
9,48,1,17,3,35,11,1,0,0,9,8,46,0.2076764,-3.554099,0.006671554
9,45,2,13,4,36,14,3,0,0,7,7,46,0.2076764,-3.541136,0.007404692
4,47,1,20,4,36,34,3,0,0,4,7,51,0.2302499,-3.536794,0.009640762
4,43,1,28,5,38,20,3,0,0,4,9,51,0.2302499,-3.564415,0.007917889
8,42,2,7,5,34,16,2,0,0,6,11,47,0.2121911,-3.477443,0.01147361
5,50,1,27,2,38,19,1,0,0,5,6,50,0.2257352,-3.609931,0.004765396
3,48,1,12,2,37,35,1,0,0,3,8,52,0.2347646,-3.620377,0.004728739
2,44,1,14,3,37,22,2,0,0,2,11,53,0.2392793,-3.551955,0.009457478
7,41,2,7,4,37,16,2,0,0,6,11,48,0.2167058,-3.402577,0.01634897
4,46,1,12,5,38,15,2,0,0,4,9,51,0.2302499,-3.548548,0.008907625
4,47,2,12,3,37,24,2,0,0,3,8,51,0.2302499,-3.564415,0.007917889
9,49,2,16,2,32,11,1,0,0,8,7,46,0.2076764,-3.609192,0.003555718
7,50,2,12,2,36,15,1,0,0,6,6,48,0.2167058,-3.637893,0.002492669
10,47,2,13,3,34,9,2,0,0,9,7,45,0.2031617,-3.530745,0.007587977
10,49,4,24,4,32,14,1,0,0,6,7,45,0.2031617,-3.53273,0.007478006
7,42,1,9,5,34,10,4,0,0,7,9,48,0.2167058,-3.482261,0.01165689
4,53,1,24,1,39,22,1,0,0,4,3,51,0.2302499,-3.674899,0.001026393
10,47,3,14,3,36,13,1,0,0,8,9,45,0.2031617,-3.507583,0.008870968
9,47,2,17,4,33,11,1,0,0,7,9,46,0.2076764,-3.458172,0.01209677
7,42,1,9,5,36,14,5,0,0,7,10,48,0.2167058,-3.391994,0.01697214
5,47,1,15,3,36,17,2,0,0,5,7,50,0.2257352,-3.569808,0.007221408
3,43,2,11,4,40,24,2,0,0,2,10,52,0.2347646,-3.463455,0.01469941
11,44,2,17,5,32,9,2,0,0,9,10,44,0.198647,-3.392827,0.01466276
5,46,1,12,4,36,20,1,0,0,5,10,50,0.2257352,-3.544057,0.008797654
6,46,2,13,3,38,24,2,0,0,5,7,49,0.2212205,-3.529017,0.00931085
5,47,1,18,3,37,23,2,0,0,5,8,50,0.2257352,-3.56322,0.007624633
5,44,2,13,5,37,22,3,0,0,4,8,50,0.2257352,-3.462613,0.01378299
11,49,1,22,4,32,9,1,0,0,11,7,44,0.198647,-3.553712,0.005938416
7,49,2,12,3,34,17,1,0,0,6,7,48,0.2167058,-3.573773,0.006268328
6,49,2,28,5,35,19,2,0,0,5,6,49,0.2212205,-3.568697,0.006928152
4,51,1,13,2,36,33,1,0,0,4,5,51,0.2302499,-3.633174,0.003629032
3,46,1,13,3,37,29,2,0,0,3,8,52,0.2347646,-3.556916,0.008760997
7,48,2,13,2,36,15,1,0,0,6,7,48,0.2167058,-3.585601,0.005571848
13,49,2,17,3,33,8,1,0,0,11,7,42,0.1896175,-3.532124,0.006304985
6,43,1,14,4,35,18,1,0,0,6,13,49,0.2212205,-3.510093,0.01044721
5,43,1,9,4,37,21,2,0,0,5,11,50,0.2257352,-3.473991,0.01308651
3,51,1,25,2,38,31,2,0,0,3,4,52,0.2347646,-3.639415,0.003519062
3,40,1,8,5,36,19,2,0,0,3,13,52,0.2347646,-3.450763,0.01550587
1,47,1,13,3,39,48,1,0,0,1,9,54,0.243794,-3.617296,0.005535191
12,50,2,30,4,33,13,1,0,0,10,6,43,0.1941323,-3.563185,0.005058651
4,49,1,17,3,38,21,2,0,0,4,6,51,0.2302499,-3.585572,0.00659824
11,39,1,14,5,32,10,3,0,0,11,12,44,0.198647,-3.37052,0.01587243
9,49,1,19,3,33,12,2,0,0,9,6,46,0.2076764,-3.557988,0.006451613
3,45,1,16,6,38,23,2,0,0,3,9,52,0.2347646,-3.524608,0.01081378
3,46,1,21,6,38,21,4,0,0,3,6,52,0.2347646,-3.541339,0.009750733
5,45,1,10,5,37,19,2,0,0,5,10,50,0.2257352,-3.534475,0.009384164
9,46,3,10,3,32,14,1,0,0,7,10,46,0.2076764,-3.546321,0.007111437
10,41,2,10,5,34,14,2,0,0,8,11,45,0.2031617,-3.354712,0.01733871
7,51,1,14,2,35,18,1,0,0,7,5,48,0.2167058,-3.608012,0.004252199
3,45,1,17,4,37,24,3,0,0,3,7,52,0.2347646,-3.534416,0.01019062
6,51,2,33,3,38,15,2,0,0,4,4,49,0.2212205,-3.648058,0.002162757
6,46,1,11,4,34,15,2,0,0,6,8,49,0.2212205,-3.512535,0.01030059
3,46,1,11,4,37,24,2,0,0,3,9,52,0.2347646,-3.554031,0.008944282
5,50,2,10,2,37,18,1,0,0,4,6,50,0.2257352,-3.621908,0.004032258
8,44,2,11,4,36,24,2,0,0,6,11,47,0.2121911,-3.476173,0.01154692
5,42,1,15,5,37,20,2,0,0,5,10,50,0.2257352,-3.493154,0.01191349
9,50,2,38,4,37,18,1,0,0,7,6,46,0.2076764,-3.593637,0.004435484
8,44,1,12,2,34,13,3,0,0,8,10,47,0.2121911,-3.551748,0.007184751
6,47,1,14,3,36,17,3,0,0,6,6,49,0.2212205,-3.510704,0.01041056
7,47,2,12,4,36,17,1,0,0,6,9,48,0.2167058,-3.555719,0.007331378
2,44,1,20,5,38,27,3,0,0,2,8,53,0.2392793,-3.499267,0.01286657
6,45,1,10,5,35,15,2,0,0,6,10,49,0.2212205,-3.524134,0.009604106
7,49,1,15,3,34,24,2,0,0,7,6,48,0.2167058,-3.56817,0.00659824
5,52,1,32,2,39,21,1,0,0,5,4,50,0.2257352,-3.597355,0.005535191
7,48,2,15,4,35,17,2,0,0,6,7,48,0.2167058,-3.579375,0.005938416
6,46,1,10,4,35,24,2,0,0,6,9,49,0.2212205,-3.565035,0.007148094
6,50,1,18,2,34,17,1,0,0,6,6,49,0.2212205,-3.631575,0.003152493
8,43,2,11,5,34,12,4,0,0,7,8,47,0.2121911,-3.428542,0.01429619
3,45,1,16,5,37,29,2,0,0,3,10,52,0.2347646,-3.532685,0.01030059
8,48,1,12,3,35,9,1,0,0,8,8,47,0.2121911,-3.587313,0.005131965
9,48,1,13,4,32,20,2,0,0,9,7,46,0.2076764,-3.567062,0.005938416
9,47,1,28,4,33,11,2,0,0,9,6,46,0.2076764,-3.534654,0.007771261
2,48,1,21,3,38,31,2,0,0,2,7,53,0.2392793,-3.624473,0.004765396
10,47,2,23,4,36,23,3,0,0,7,5,45,0.2031617,-3.560525,0.005938416
7,47,2,22,5,35,17,1,0,0,6,9,48,0.2167058,-3.532063,0.00872434
7,48,1,14,3,36,22,2,0,0,7,7,48,0.2167058,-3.547004,0.007844575
1,44,1,10,4,37,37,2,0,0,1,10,54,0.243794,-3.573886,0.008394428
8,47,1,13,4,36,13,3,0,0,8,7,47,0.2121911,-3.535236,0.00813783
4,47,1,27,4,36,18,3,0,0,4,6,51,0.2302499,-3.566766,0.007771261
5,48,2,18,3,37,30,1,0,0,4,8,50,0.2257352,-3.58957,0.00601173
3,49,1,19,3,38,40,2,0,0,3,6,52,0.2347646,-3.621531,0.004655425
13,49,2,12,2,30,9,1,0,0,10,7,42,0.1896175,-3.548369,0.005461877
1,49,1,17,2,39,47,2,0,0,1,6,54,0.243794,-3.633992,0.004435484
12,48,2,13,4,32,10,2,0,0,10,7,43,0.1941323,-3.546606,0.005938416
9,45,2,11,3,33,14,1,0,0,8,11,46,0.2076764,-3.552155,0.006781525
2,45,1,18,4,38,33,4,0,0,2,8,53,0.2392793,-3.562153,0.008797654
7,42,1,8,4,35,16,2,0,0,7,12,48,0.2167058,-3.512765,0.009860704
6,42,2,9,4,36,17,4,0,0,4,11,49,0.2212205,-3.46614,0.01308651
5,48,1,26,3,38,14,2,0,0,5,7,50,0.2257352,-3.559028,0.007881232
8,48,1,12,3,36,17,2,0,0,8,7,47,0.2121911,-3.563179,0.006524927
9,45,3,14,4,33,11,2,0,0,7,9,46,0.2076764,-3.459469,0.01202346
6,46,1,12,4,36,16,2,0,0,6,8,49,0.2212205,-3.463087,0.01326979
3,42,1,10,6,39,36,3,0,0,3,11,52,0.2347646,-3.486532,0.01323314
9,52,2,37,3,35,16,1,0,0,7,4,46,0.2076764,-3.596877,0.004252199
11,49,1,18,3,33,12,2,0,0,11,6,44,0.198647,-3.565879,0.005278592
9,47,2,15,4,33,12,2,0,0,8,8,46,0.2076764,-3.518451,0.008687683
3,52,1,23,1,37,30,1,0,0,3,4,52,0.2347646,-3.645184,0.003152493
8,49,1,16,2,34,17,1,0,0,8,6,47,0.2121911,-3.56572,0.006378299
6,46,1,12,4,37,20,2,0,0,6,8,49,0.2212205,-3.593726,0.00542522
4,46,2,22,5,40,32,3,0,0,3,7,51,0.2302499,-3.566766,0.007771261
7,47,2,22,3,35,17,3,0,0,5,7,48,0.2167058,-3.550739,0.007624633
8,47,2,13,3,34,12,3,0,0,7,7,47,0.2121911,-3.555558,0.006964809
11,46,2,10,4,34,12,2,0,0,10,8,44,0.198647,-3.504365,0.00861437
3,46,1,12,4,38,41,2,0,0,3,9,52,0.2347646,-3.515955,0.01136364
4,46,1,15,3,38,26,2,0,0,4,8,51,0.2302499,-3.549135,0.008870968
10,49,2,19,3,33,10,1,0,0,8,7,45,0.2031617,-3.571113,0.005351906
9,46,2,17,3,33,20,2,0,0,8,8,46,0.2076764,-3.480209,0.01085044
4,49,2,21,3,38,23,2,0,0,3,6,51,0.2302499,-3.543846,0.00920088
8,48,1,30,3,35,20,2,0,0,8,5,47,0.2121911,-3.591758,0.004875367
9,51,2,20,2,35,18,1,0,0,7,5,46,0.2076764,-3.605303,0.00377566
11,50,2,19,2,34,15,1,0,0,9,6,44,0.198647,-3.588187,0.004068915
10,47,2,14,4,34,12,2,0,0,9,8,45,0.2031617,-3.574422,0.005168622
4,50,2,28,4,38,42,2,0,0,3,5,51,0.2302499,-3.589098,0.006378299
4,46,1,10,5,38,26,4,0,0,4,7,51,0.2302499,-3.602027,0.005571848
6,44,1,15,6,37,17,4,0,0,6,8,49,0.2212205,-3.471023,0.01279326
6,44,3,12,5,35,19,3,0,0,4,10,49,0.2212205,-3.421576,0.01576246
12,49,4,14,3,33,9,1,0,0,8,7,43,0.1941323,-3.523118,0.007184751
11,45,2,11,3,31,13,3,0,0,9,8,44,0.198647,-3.494225,0.009164223
13,47,2,19,4,33,10,1,0,0,9,9,42,0.1896175,-3.473499,0.009347507
3,44,1,8,5,37,35,2,0,0,3,10,52,0.2347646,-3.540762,0.00978739
8,48,1,15,2,36,19,1,0,0,8,8,47,0.2121911,-3.599379,0.004435484
2,46,1,18,5,38,25,2,0,0,2,7,53,0.2392793,-3.572917,0.008101173
7,43,1,15,5,35,10,2,0,0,7,11,48,0.2167058,-3.398842,0.01656891
9,49,2,27,3,34,14,2,0,0,7,6,46,0.2076764,-3.579377,0.005241935
7,48,2,25,3,35,19,3,0,0,6,6,48,0.2167058,-3.527083,0.009017595
3,40,1,8,5,38,24,2,0,0,3,13,52,0.2347646,-3.496916,0.01257331
8,45,2,12,5,35,11,2,0,0,7,9,47,0.2121911,-3.500306,0.01015396
2,46,2,10,4,40,30,1,0,0,1,10,53,0.2392793,-3.56272,0.008760997
10,41,2,15,5,34,14,3,0,0,9,11,45,0.2031617,-3.335521,0.01840176
1,46,1,12,4,40,36,1,0,0,1,10,54,0.243794,-3.538825,0.01070381
5,45,1,18,4,35,23,2,0,0,5,8,50,0.2257352,-3.455426,0.01422287
4,46,1,10,3,39,17,2,0,0,4,9,51,0.2302499,-3.592624,0.006158358
8,44,2,10,4,33,18,2,0,0,7,10,47,0.2121911,-3.457121,0.01264663
5,42,1,7,4,35,20,2,0,0,5,12,50,0.2257352,-3.502736,0.01132698
6,50,1,24,2,37,26,2,0,0,6,5,49,0.2212205,-3.648668,0.0021261
5,48,1,18,3,37,22,1,0,0,5,8,50,0.2257352,-3.593163,0.005791789
5,45,1,10,3,38,17,2,0,0,5,10,50,0.2257352,-3.574598,0.006928152
3,45,1,16,4,39,34,2,0,0,3,7,52,0.2347646,-3.571916,0.007807918
4,47,1,11,3,37,38,2,0,0,4,8,51,0.2302499,-3.503884,0.01169355
6,48,1,16,3,36,27,1,0,0,6,8,49,0.2212205,-3.539395,0.008687683
7,40,1,10,6,33,11,3,0,0,7,12,48,0.2167058,-3.369583,0.01829179
5,51,1,20,2,36,18,1,0,0,5,5,50,0.2257352,-3.633885,0.00329912
6,49,1,11,3,35,16,2,0,0,6,6,49,0.2212205,-3.582738,0.006085044
14,45,3,10,4,30,9,2,0,0,10,9,41,0.1851028,-3.460626,0.009530792
6,47,1,25,4,35,16,4,0,0,6,6,49,0.2212205,-3.53268,0.009090909
10,47,3,13,4,35,14,2,0,0,8,8,45,0.2031617,-3.451331,0.0119868
8,47,2,20,4,35,16,2,0,0,7,7,47,0.2121911,-3.553018,0.007111437
8,43,1,11,4,34,16,3,0,0,8,10,47,0.2121911,-3.470457,0.01187683
5,44,2,15,3,37,25,3,0,0,4,9,50,0.2257352,-3.526091,0.009897361
11,50,3,11,2,32,9,1,0,0,7,6,44,0.198647,-3.571963,0.00494868
8,48,2,13,3,33,18,2,0,0,7,7,47,0.2121911,-3.546032,0.007514663
6,51,2,13,2,36,19,1,0,0,5,5,49,0.2212205,-3.591285,0.005571848
5,47,1,20,3,38,27,2,0,0,5,8,50,0.2257352,-3.586576,0.006195015
9,47,2,18,3,32,19,2,0,0,6,8,46,0.2076764,-3.565118,0.006048387
6,43,2,9,5,38,15,3,0,0,5,10,49,0.2212205,-3.452099,0.01392962
3,45,1,11,3,38,25,1,0,0,3,11,52,0.2347646,-3.552877,0.009017595
7,45,1,12,4,33,10,3,0,0,7,9,48,0.2167058,-3.4723,0.0122434
13,49,2,24,4,33,7,1,0,0,11,7,42,0.1896175,-3.503871,0.007771261
7,44,1,11,6,35,12,3,0,0,7,9,48,0.2167058,-3.497824,0.01074047
9,46,1,11,4,35,12,2,0,0,9,9,46,0.2076764,-3.489932,0.01030059
6,52,1,25,2,35,20,2,0,0,6,3,49,0.2212205,-3.607767,0.004582111
4,45,2,15,5,38,31,3,0,0,3,8,51,0.2302499,-3.488017,0.01268328
9,48,2,25,4,33,10,2,0,0,7,7,46,0.2076764,-3.533358,0.007844575
7,46,1,12,4,36,13,2,0,0,7,8,48,0.2167058,-3.486618,0.01140029
7,49,2,17,2,36,15,2,0,0,5,5,48,0.2167058,-3.596184,0.00494868
5,51,1,29,2,37,19,1,0,0,5,5,50,0.2257352,-3.618315,0.004252199
5,45,1,9,3,37,33,2,0,0,5,10,50,0.2257352,-3.574,0.006964809
5,46,1,13,3,36,24,3,0,0,5,7,50,0.2257352,-3.528487,0.009750733
8,52,3,24,1,37,21,1,0,0,5,4,47,0.2121911,-3.631768,0.002565982
5,45,1,24,4,38,15,2,0,0,5,9,50,0.2257352,-3.500939,0.01143695
2,48,1,24,4,37,21,2,0,0,2,7,53,0.2392793,-3.532693,0.01070381
6,46,1,20,5,36,17,2,0,0,6,9,49,0.2212205,-3.525965,0.009494135
10,45,2,12,3,33,10,2,0,0,9,10,45,0.2031617,-3.448684,0.01213343
10,48,3,16,3,34,13,2,0,0,7,7,45,0.2031617,-3.590305,0.004288856
6,40,2,8,4,35,15,3,0,0,5,11,49,0.2212205,-3.476518,0.01246334
7,49,1,17,3,34,12,2,0,0,7,6,48,0.2167058,-3.594316,0.005058651
4,48,1,18,4,37,19,1,0,0,4,8,51,0.2302499,-3.579695,0.006964809
6,47,1,20,4,36,18,2,0,0,6,8,49,0.2212205,-3.502768,0.0108871
8,44,2,16,4,36,18,2,0,0,7,10,47,0.2121911,-3.457756,0.01260997
6,48,1,11,3,35,17,2,0,0,6,7,49,0.2212205,-3.548552,0.00813783
5,47,1,14,2,38,16,2,0,0,5,8,50,0.2257352,-3.597954,0.005498534
3,47,1,21,3,36,21,2,0,0,3,8,52,0.2347646,-3.615761,0.005021994
6,46,2,8,3,36,12,2,0,0,5,9,49,0.2212205,-3.555878,0.007697947
3,50,1,19,3,38,25,1,0,0,3,6,52,0.2347646,-3.616338,0.004985337
9,42,2,10,4,34,15,2,0,0,6,10,46,0.2076764,-3.410209,0.01480938
2,46,1,13,3,38,34,2,0,0,2,9,53,0.2392793,-3.542891,0.01004399
8,47,2,11,3,36,18,1,0,0,7,9,47,0.2121911,-3.537141,0.008027859
3,46,1,23,6,38,26,4,0,0,3,7,52,0.2347646,-3.522878,0.01092375
6,42,1,14,6,37,19,3,0,0,6,11,49,0.2212205,-3.497884,0.01118035
4,46,1,15,3,38,18,4,0,0,4,6,51,0.2302499,-3.590861,0.006268328
6,47,1,16,4,38,17,1,0,0,6,9,49,0.2212205,-3.529017,0.00931085
8,51,2,16,1,35,18,1,0,0,7,5,47,0.2121911,-3.610176,0.003812317
6,50,2,23,3,36,25,1,0,0,4,6,49,0.2212205,-3.580907,0.006195015
10,43,3,11,5,36,10,2,0,0,7,10,45,0.2031617,-3.459935,0.01151026
11,48,2,21,4,33,10,1,0,0,10,8,44,0.198647,-3.548304,0.006231672
8,48,2,20,3,36,13,2,0,0,7,7,47,0.2121911,-3.565085,0.006414956
9,48,2,18,3,33,13,2,0,0,7,7,46,0.2076764,-3.604655,0.003812317
4,44,1,17,5,38,27,2,0,0,4,9,51,0.2302499,-3.513287,0.01110704
11,49,1,29,4,33,10,3,0,0,11,5,44,0.198647,-3.587511,0.004105572
4,40,1,14,7,39,26,3,0,0,4,11,51,0.2302499,-3.393988,0.01854839
6,48,1,15,4,36,16,2,0,0,6,7,49,0.2212205,-3.568087,0.006964809
6,41,2,8,4,36,17,2,0,0,5,11,49,0.2212205,-3.513756,0.01022727
5,47,2,13,4,38,23,3,0,0,4,7,50,0.2257352,-3.521899,0.01015396
3,43,1,7,5,38,23,2,0,0,3,10,52,0.2347646,-3.515955,0.01136364
5,43,1,8,3,37,26,2,0,0,5,12,50,0.2257352,-3.523696,0.01004399
7,46,2,15,3,35,14,3,0,0,6,8,48,0.2167058,-3.558832,0.007148094
11,48,4,19,2,31,14,1,0,0,6,8,44,0.198647,-3.53884,0.006744868
8,47,2,11,3,35,15,2,0,0,6,8,47,0.2121911,-3.559369,0.006744868
4,49,1,14,3,38,45,1,0,0,4,7,51,0.2302499,-3.583221,0.006744868
9,46,2,12,3,34,13,2,0,0,8,9,46,0.2076764,-3.517802,0.00872434
7,41,2,7,5,35,19,5,0,0,5,11,48,0.2167058,-3.384524,0.01741202
6,45,2,12,4,37,18,2,0,0,5,9,49,0.2212205,-3.520471,0.009824047
9,51,2,14,2,37,18,1,0,0,7,5,46,0.2076764,-3.574192,0.005535191
11,44,1,17,6,31,11,2,0,0,11,9,44,0.198647,-3.427979,0.0127566
6,49,1,17,3,35,23,2,0,0,6,6,49,0.2212205,-3.599221,0.005095308
5,48,1,13,3,38,14,2,0,0,5,7,50,0.2257352,-3.573401,0.007001466
4,48,1,14,2,37,18,1,0,0,4,8,51,0.2302499,-3.631999,0.003702346
6,47,2,14,2,37,16,2,0,0,5,7,49,0.2212205,-3.588843,0.005718475
7,50,2,26,4,36,15,2,0,0,6,5,48,0.2167058,-3.567547,0.006634897
6,46,2,14,3,35,21,2,0,0,5,9,49,0.2212205,-3.524744,0.009567449
4,49,1,25,3,37,26,2,0,0,4,4,51,0.2302499,-3.574993,0.007258065
1,49,1,22,2,40,52,1,0,0,1,7,54,0.243794,-3.641227,0.003958944
5,49,2,12,2,38,24,1,0,0,4,7,50,0.2257352,-3.56861,0.007294721
6,51,2,32,3,37,14,3,0,0,5,3,49,0.2212205,-3.635238,0.002932551
7,48,1,13,2,36,18,1,0,0,7,7,48,0.2167058,-3.579375,0.005938416
16,48,3,12,3,29,8,2,0,0,11,6,39,0.1760734,-3.53831,0.004802053
5,49,2,17,2,36,20,1,0,0,4,7,50,0.2257352,-3.55783,0.007954545
2,46,1,10,3,40,28,2,0,0,2,9,53,0.2392793,-3.572917,0.008101173
3,47,1,12,3,38,25,2,0,0,3,8,52,0.2347646,-3.559224,0.00861437
3,48,1,30,3,39,25,3,0,0,3,5,52,0.2347646,-3.613454,0.005168622
7,43,1,11,5,34,12,4,0,0,7,9,48,0.2167058,-3.476658,0.0119868
5,48,2,22,3,39,20,2,0,0,4,6,50,0.2257352,-3.504532,0.01121701
10,49,2,18,2,33,18,3,0,0,8,5,45,0.2031617,-3.55523,0.006231672
15,43,2,11,5,30,10,2,0,0,13,11,40,0.1805881,-3.363592,0.0138563
8,50,2,32,4,34,16,2,0,0,7,5,47,0.2121911,-3.601919,0.004288856
10,42,3,15,5,35,12,3,0,0,7,11,45,0.2031617,-3.47317,0.01077713
10,45,3,10,3,34,31,1,0,0,8,11,45,0.2031617,-3.530745,0.007587977
9,44,2,14,4,33,11,2,0,0,8,11,46,0.2076764,-3.449746,0.01257331
1,47,1,13,3,39,47,2,0,0,1,8,54,0.243794,-3.59893,0.006744868
13,47,2,12,3,32,7,1,0,0,12,9,42,0.1896175,-3.548369,0.005461877
9,50,2,32,4,33,9,2,0,0,8,5,46,0.2076764,-3.615674,0.00318915
7,42,1,8,5,34,23,2,0,0,7,12,48,0.2167058,-3.408802,0.0159824
7,44,2,10,3,34,15,2,0,0,6,10,48,0.2167058,-3.509652,0.01004399
7,46,2,7,3,35,20,1,0,0,6,10,48,0.2167058,-3.499069,0.01066716
8,51,1,17,2,36,29,1,0,0,8,5,47,0.2121911,-3.617161,0.003409091
8,47,1,11,3,34,13,2,0,0,8,8,47,0.2121911,-3.509832,0.009604106
1,49,1,32,4,38,47,1,0,0,1,7,54,0.243794,-3.595035,0.007001466
5,49,1,21,3,37,27,3,0,0,5,5,50,0.2257352,-3.621908,0.004032258
9,45,2,17,5,32,12,3,0,0,7,8,46,0.2076764,-3.546969,0.00707478
4,48,1,15,3,37,29,1,0,0,4,8,51,0.2302499,-3.584984,0.006634897
3,49,1,20,3,38,38,2,0,0,3,6,52,0.2347646,-3.519993,0.01110704
7,48,2,11,3,35,12,1,0,0,5,8,48,0.2167058,-3.566925,0.006671554
7,48,1,30,4,34,12,2,0,0,7,6,48,0.2167058,-3.567547,0.006634897
7,53,1,48,1,34,14,1,0,0,7,3,48,0.2167058,-3.626687,0.003152493
6,52,2,36,1,36,16,1,0,0,5,3,49,0.2212205,-3.618145,0.003958944
7,47,2,22,3,35,15,3,0,0,6,6,48,0.2167058,-3.52895,0.008907625
3,52,1,17,2,39,30,1,0,0,3,4,52,0.2347646,-3.635954,0.003739003
12,47,3,19,4,31,14,2,0,0,10,8,43,0.1941323,-3.523118,0.007184751
9,50,2,21,2,34,11,2,0,0,7,5,46,0.2076764,-3.598822,0.004142229
5,44,1,15,4,37,16,3,0,0,5,10,50,0.2257352,-3.514114,0.0106305
10,48,2,14,3,32,10,2,0,0,9,7,45,0.2031617,-3.488391,0.009934018
5,48,2,30,4,36,25,2,0,0,4,7,50,0.2257352,-3.530882,0.009604106
8,43,1,8,4,32,10,2,0,0,8,10,47,0.2121911,-3.546032,0.007514663
6,47,1,19,4,35,16,3,0,0,6,7,49,0.2212205,-3.524134,0.009604106
5,46,1,22,4,38,27,2,0,0,5,9,50,0.2257352,-3.585378,0.006268328
6,49,2,20,2,35,14,2,0,0,5,5,49,0.2212205,-3.596168,0.005278592
5,51,2,20,2,38,24,2,0,0,4,4,50,0.2257352,-3.603343,0.005168622
5,46,1,13,3,37,17,2,0,0,5,8,50,0.2257352,-3.575197,0.006891496
3,49,1,18,2,38,33,1,0,0,3,7,52,0.2347646,-3.626723,0.004325513
7,46,1,15,4,34,21,3,0,0,7,7,48,0.2167058,-3.490354,0.01118035
8,46,1,12,3,34,12,2,0,0,8,9,47,0.2121911,-3.500306,0.01015396
6,45,1,9,3,37,19,1,0,0,6,11,49,0.2212205,-3.521692,0.009750733
5,43,1,12,4,36,19,2,0,0,5,9,50,0.2257352,-3.479979,0.01271994
4,42,2,18,6,37,23,3,0,0,3,9,51,0.2302499,-3.412206,0.01741202
5,48,1,15,3,37,17,2,0,0,5,7,50,0.2257352,-3.614722,0.004472141
4,49,1,18,2,37,19,1,0,0,4,7,51,0.2302499,-3.586159,0.006561584
6,47,1,15,3,38,27,1,0,0,6,9,49,0.2212205,-3.590064,0.005645161
2,36,1,10,8,38,27,3,0,0,2,12,53,0.2392793,-3.440347,0.01667889
6,48,2,11,3,35,19,1,0,0,3,8,49,0.2212205,-3.583349,0.006048387
11,48,3,18,3,31,11,2,0,0,8,7,44,0.198647,-3.514505,0.008064516
4,47,1,11,3,37,26,1,0,0,4,9,51,0.2302499,-3.56324,0.007991202
6,51,2,15,2,38,24,1,0,0,5,5,49,0.2212205,-3.608377,0.004545455
2,38,1,6,7,38,26,2,0,0,2,14,53,0.2392793,-3.422217,0.01785191
5,46,2,11,4,38,19,2,0,0,4,9,50,0.2257352,-3.523696,0.01004399
4,45,1,15,3,35,21,2,0,0,4,10,51,0.2302499,-3.533856,0.009824047
5,46,2,18,4,37,26,2,0,0,4,9,50,0.2257352,-3.514713,0.01059384
8,44,2,9,4,35,14,3,0,0,7,7,47,0.2121911,-3.575246,0.005828446
8,50,3,20,3,35,17,1,0,0,6,6,47,0.2121911,-3.598109,0.004508798
10,44,2,11,3,33,10,3,0,0,8,8,45,0.2031617,-3.448684,0.01213343
6,47,1,13,3,38,19,2,0,0,6,7,49,0.2212205,-3.511924,0.01033724
3,47,1,13,3,38,18,1,0,0,3,9,52,0.2347646,-3.591531,0.006561584
5,46,2,12,3,36,16,2,0,0,4,9,50,0.2257352,-3.539266,0.009090909
4,48,1,16,4,38,27,2,0,0,4,6,51,0.2302499,-3.54796,0.008944282
1,48,1,14,4,39,36,2,0,0,1,7,54,0.243794,-3.603939,0.006414956
4,46,1,12,4,38,21,2,0,0,4,9,51,0.2302499,-3.582633,0.006781525
8,39,1,6,5,32,15,3,0,0,8,15,47,0.2121911,-3.367574,0.01781525
5,46,1,13,5,37,22,1,0,0,5,10,50,0.2257352,-3.55304,0.008247801
4,49,2,10,3,37,23,1,0,0,3,7,51,0.2302499,-3.565003,0.007881232
7,45,2,12,5,35,22,1,0,0,6,11,48,0.2167058,-3.494089,0.01096041
8,45,1,10,4,37,12,2,0,0,8,10,47,0.2121911,-3.498401,0.01026393
7,45,2,8,4,34,16,2,0,0,5,10,48,0.2167058,-3.4723,0.0122434
11,47,1,19,4,33,11,2,0,0,11,8,44,0.198647,-3.441498,0.01202346
2,47,1,11,3,38,33,2,0,0,2,8,53,0.2392793,-3.57745,0.007807918
8,49,1,19,2,34,20,1,0,0,8,7,47,0.2121911,-3.597474,0.004545455
12,48,2,33,3,32,16,2,0,0,10,6,43,0.1941323,-3.551441,0.005681818
3,47,1,11,4,37,30,4,0,0,3,6,52,0.2347646,-3.605377,0.005681818
6,48,2,18,4,37,12,2,0,0,5,7,49,0.2212205,-3.522302,0.009714076
9,44,2,22,5,33,15,3,0,0,8,10,46,0.2076764,-3.436783,0.01330645
7,42,1,11,4,37,13,2,0,0,7,10,48,0.2167058,-3.522725,0.009274194
5,41,1,9,6,35,17,3,0,0,5,9,50,0.2257352,-3.390151,0.01821848
7,49,1,31,3,36,14,2,0,0,7,6,48,0.2167058,-3.611747,0.004032258
10,49,1,15,2,34,8,2,0,0,10,6,45,0.2031617,-3.56979,0.00542522
7,41,2,8,5,35,16,3,0,0,6,11,48,0.2167058,-3.383901,0.01744868
4,53,1,34,2,38,16,1,0,0,4,3,51,0.2302499,-3.677838,0.0008431085
8,47,1,11,3,35,13,2,0,0,8,7,47,0.2121911,-3.582232,0.00542522
6,43,2,15,6,36,38,2,0,0,5,11,49,0.2212205,-3.527186,0.009420821
8,48,2,16,2,35,9,2,0,0,7,7,47,0.2121911,-3.573976,0.00590176
3,43,1,11,5,39,26,3,0,0,3,11,52,0.2347646,-3.506147,0.0119868
3,47,1,15,3,37,21,2,0,0,3,7,52,0.2347646,-3.504993,0.01206012
11,49,2,18,2,35,13,2,0,0,8,5,44,0.198647,-3.592919,0.003812317
11,46,2,9,4,31,19,2,0,0,8,9,44,0.198647,-3.45975,0.01103372
6,50,2,21,3,36,17,1,0,0,5,6,49,0.2212205,-3.599221,0.005095308
8,46,1,11,5,33,10,2,0,0,8,9,47,0.2121911,-3.528885,0.008504399
8,45,1,10,4,34,12,2,0,0,8,9,47,0.2121911,-3.548572,0.007368035
10,47,2,18,3,33,13,2,0,0,9,8,45,0.2031617,-3.536039,0.007294721
15,50,3,17,3,31,10,1,0,0,12,6,40,0.1805881,-3.553645,0.004435484
6,42,1,10,4,37,15,4,0,0,6,9,49,0.2212205,-3.493611,0.01143695
3,43,1,9,5,39,26,3,0,0,3,10,52,0.2347646,-3.51307,0.01154692
6,46,2,14,4,36,23,2,0,0,5,8,49,0.2212205,-3.520471,0.009824047
9,49,2,13,3,35,13,1,0,0,8,7,46,0.2076764,-3.573544,0.005571848
3,51,2,21,2,36,44,1,0,0,2,5,52,0.2347646,-3.6423,0.003335777
7,48,1,28,3,36,19,2,0,0,7,7,48,0.2167058,-3.562567,0.006928152
4,47,1,12,3,37,18,1,0,0,4,9,51,0.2302499,-3.560889,0.00813783
10,48,3,21,4,32,16,1,0,0,8,7,45,0.2031617,-3.561186,0.00590176
5,42,1,16,5,36,23,4,0,0,5,9,50,0.2257352,-3.43267,0.01561584
7,49,2,18,2,36,22,2,0,0,6,6,48,0.2167058,-3.598674,0.004802053
4,42,1,7,4,38,19,2,0,0,4,10,51,0.2302499,-3.488017,0.01268328
12,42,2,8,6,30,13,2,0,0,8,10,43,0.1941323,-3.455418,0.01077713
5,51,1,20,2,38,22,1,0,0,5,5,50,0.2257352,-3.639874,0.002932551
1,45,1,19,3,40,53,2,0,0,1,10,54,0.243794,-3.547173,0.01015396
4,47,1,18,5,39,22,2,0,0,4,8,51,0.2302499,-3.596738,0.00590176
6,51,1,22,2,37,21,1,0,0,6,5,49,0.2212205,-3.621197,0.00377566
10,48,2,17,4,33,15,1,0,0,8,8,45,0.2031617,-3.577731,0.004985337
9,45,2,7,4,34,16,2,0,0,8,9,46,0.2076764,-3.55734,0.00648827
6,45,1,16,6,37,13,2,0,0,6,9,49,0.2212205,-3.55832,0.00755132
4,39,1,8,7,39,27,2,0,0,4,13,51,0.2302499,-3.438651,0.01576246
11,51,2,26,2,31,11,2,0,0,10,4,44,0.198647,-3.586159,0.004178886
3,39,1,6,5,37,30,2,0,0,3,12,52,0.2347646,-3.50557,0.01202346
3,48,1,21,4,37,29,2,0,0,3,7,52,0.2347646,-3.584031,0.007038123
5,49,1,14,2,35,22,1,0,0,5,7,50,0.2257352,-3.639874,0.002932551
8,43,2,9,3,35,13,3,0,0,7,10,47,0.2121911,-3.503482,0.009970674
8,43,1,8,5,36,21,2,0,0,8,11,47,0.2121911,-3.438703,0.01370968
4,48,1,27,4,38,22,2,0,0,4,6,51,0.2302499,-3.584396,0.006671554
6,41,2,10,5,35,23,3,0,0,4,12,49,0.2212205,-3.381286,0.01818182
6,45,2,12,4,38,17,2,0,0,5,10,49,0.2212205,-3.516808,0.01004399
7,45,1,14,5,34,21,2,0,0,7,9,48,0.2167058,-3.556342,0.007294721
8,44,2,19,7,35,14,2,0,0,7,9,47,0.2121911,-3.344711,0.0191349
4,45,1,15,5,36,25,2,0,0,4,9,51,0.2302499,-3.438064,0.01579912
3,44,1,13,4,38,20,2,0,0,3,11,52,0.2347646,-3.509032,0.01180352
3,46,1,14,4,40,26,3,0,0,3,8,52,0.2347646,-3.562685,0.008394428
8,48,3,16,2,35,15,2,0,0,6,7,47,0.2121911,-3.596204,0.004618768
10,51,2,30,3,34,12,1,0,0,7,5,45,0.2031617,-3.591628,0.004215543
6,46,2,12,3,35,15,2,0,0,5,9,49,0.2212205,-3.524134,0.009604106
8,46,1,11,5,35,10,2,0,0,8,7,47,0.2121911,-3.518088,0.009127566
8,43,2,26,5,32,12,3,0,0,7,8,47,0.2121911,-3.548572,0.007368035
8,48,2,35,4,34,10,2,0,0,7,7,47,0.2121911,-3.597474,0.004545455
3,42,1,9,6,39,24,2,0,0,3,12,52,0.2347646,-3.469224,0.01433284
3,47,1,12,3,37,23,1,0,0,3,9,52,0.2347646,-3.578839,0.007368035
5,47,1,12,3,38,21,2,0,0,5,7,50,0.2257352,-3.587174,0.006158358
5,42,1,9,4,37,15,2,0,0,5,10,50,0.2257352,-3.475787,0.01297654
2,47,1,18,4,39,39,3,0,0,2,7,53,0.2392793,-3.544024,0.009970674
5,40,1,9,5,37,21,3,0,0,5,13,50,0.2257352,-3.46381,0.01370968
4,47,1,20,5,37,24,2,0,0,4,8,51,0.2302499,-3.572055,0.007441349
6,48,2,17,3,35,16,1,0,0,5,8,49,0.2212205,-3.576023,0.00648827
5,48,2,12,3,38,19,1,0,0,4,8,50,0.2257352,-3.578192,0.006708211
10,42,3,11,7,31,17,3,0,0,6,10,45,0.2031617,-3.475817,0.0106305
6,48,1,13,3,35,20,2,0,0,6,7,49,0.2212205,-3.512535,0.01030059
6,46,2,13,3,34,28,3,0,0,4,7,49,0.2212205,-3.540006,0.008651026
5,48,2,20,3,38,23,2,0,0,4,7,50,0.2257352,-3.554237,0.008174487
3,47,1,13,4,36,30,1,0,0,3,9,52,0.2347646,-3.579993,0.007294721
11,45,3,13,3,33,12,2,0,0,8,10,44,0.198647,-3.445554,0.01180352
2,44,1,12,5,38,46,3,0,0,2,8,53,0.2392793,-3.5021,0.01268328
6,48,2,20,4,36,27,2,0,0,5,7,49,0.2212205,-3.536343,0.008870968
5,40,1,6,5,36,16,2,0,0,5,15,50,0.2257352,-3.450635,0.01451613
5,41,1,7,5,36,31,6,0,0,5,9,50,0.2257352,-3.436862,0.01535924
5,48,3,12,3,35,18,1,0,0,3,8,50,0.2257352,-3.588372,0.006085044
8,48,3,16,4,36,16,2,0,0,6,7,47,0.2121911,-3.532695,0.008284457
8,49,2,17,2,35,17,2,0,0,7,5,47,0.2121911,-3.523169,0.008834311
13,49,3,22,2,34,10,2,0,0,10,6,42,0.1896175,-3.53283,0.006268328
5,51,1,30,3,38,25,1,0,0,5,5,50,0.2257352,-3.597954,0.005498534
6,42,1,10,4,36,13,4,0,0,6,10,49,0.2212205,-3.50582,0.01070381
3,50,1,19,3,39,29,2,0,0,3,5,52,0.2347646,-3.623838,0.004508798
13,50,2,18,3,33,16,2,0,0,9,5,42,0.1896175,-3.558964,0.004912023
6,46,1,12,3,35,18,2,0,0,6,9,49,0.2212205,-3.524744,0.009567449
7,41,2,6,4,35,16,3,0,0,6,13,48,0.2167058,-3.403822,0.01627566
1,45,1,18,3,39,33,2,0,0,1,9,54,0.243794,-3.607835,0.006158358
9,48,2,12,3,34,9,1,0,0,8,8,46,0.2076764,-3.557988,0.006451613
2,47,1,23,4,39,29,2,0,0,2,7,53,0.2392793,-3.555921,0.00920088
6,41,1,11,5,34,14,3,0,0,6,12,49,0.2212205,-3.505209,0.01074047
6,48,2,19,3,34,24,1,0,0,5,8,49,0.2212205,-3.616924,0.004032258
4,50,1,30,3,37,19,1,0,0,4,6,51,0.2302499,-3.628472,0.003922287
9,47,3,10,4,32,12,1,0,0,7,9,46,0.2076764,-3.535303,0.007734604
16,50,3,27,2,31,12,1,0,0,10,6,39,0.1760734,-3.580718,0.002749267
9,44,2,9,4,33,15,2,0,0,8,10,46,0.2076764,-3.397246,0.01554252
7,46,1,12,4,36,14,2,0,0,7,9,48,0.2167058,-3.479148,0.01184018
3,46,1,9,4,39,22,2,0,0,3,9,52,0.2347646,-3.599608,0.006048387
5,48,2,16,3,35,18,3,0,0,4,6,50,0.2257352,-3.614123,0.004508798
5,51,1,34,3,37,19,2,0,0,5,4,50,0.2257352,-3.637478,0.003079179
4,48,1,17,3,37,20,2,0,0,4,7,51,0.2302499,-3.595562,0.005975073
11,46,2,10,2,33,11,1,0,0,10,10,44,0.198647,-3.55574,0.005828446
9,46,2,21,3,35,11,2,0,0,7,9,46,0.2076764,-3.568359,0.005865103
3,48,2,10,2,36,38,1,0,0,2,8,52,0.2347646,-3.607685,0.005535191
11,44,3,19,5,33,15,3,0,0,8,9,44,0.198647,-3.486789,0.009567449
9,44,2,8,4,33,12,2,0,0,7,11,46,0.2076764,-3.514562,0.008907625
7,46,2,15,3,35,29,2,0,0,6,9,48,0.2167058,-3.574395,0.006231672
6,48,1,20,3,35,19,2,0,0,6,7,49,0.2212205,-3.57236,0.006708211
4,47,1,13,3,37,32,2,0,0,4,8,51,0.2302499,-3.584984,0.006634897
4,46,1,13,3,37,22,2,0,0,4,9,51,0.2302499,-3.504472,0.01165689
3,49,1,20,3,38,20,2,0,0,3,6,52,0.2347646,-3.611146,0.005315249
7,45,1,8,4,34,24,3,0,0,7,7,48,0.2167058,-3.508407,0.0101173
6,45,1,10,5,36,13,2,0,0,6,9,49,0.2212205,-3.551605,0.007954545
7,48,2,16,3,35,15,2,0,0,6,7,48,0.2167058,-3.555719,0.007331378
6,45,1,16,5,38,15,2,0,0,6,9,49,0.2212205,-3.471634,0.0127566
8,47,2,15,3,35,26,2,0,0,7,8,47,0.2121911,-3.574611,0.005865103
6,45,1,10,3,36,27,1,0,0,6,11,49,0.2212205,-3.527186,0.009420821
6,49,1,14,3,35,20,1,0,0,6,7,49,0.2212205,-3.543058,0.008467742
7,50,1,17,3,37,16,1,0,0,7,6,48,0.2167058,-3.581865,0.005791789
13,50,3,29,2,34,13,1,0,0,10,6,42,0.1896175,-3.568852,0.004398827
6,48,1,10,3,36,12,1,0,0,6,8,49,0.2212205,-3.590674,0.005608504
10,47,2,18,3,36,10,2,0,0,8,7,45,0.2031617,-3.488391,0.009934018
11,49,3,24,2,32,12,2,0,0,8,5,44,0.198647,-3.592243,0.003848974
8,46,2,17,4,34,27,3,0,0,7,8,47,0.2121911,-3.549843,0.007294721
3,46,1,12,4,38,29,2,0,0,3,9,52,0.2347646,-3.590954,0.00659824
11,45,1,18,4,30,14,2,0,0,11,10,44,0.198647,-3.468538,0.01055718
4,46,1,10,3,38,29,2,0,0,4,8,51,0.2302499,-3.553837,0.008577713
1,48,1,14,3,39,43,1,0,0,1,8,54,0.243794,-3.56053,0.009274194
6,46,1,12,3,35,16,1,0,0,6,10,49,0.2212205,-3.544889,0.008357771
8,48,2,18,3,34,11,2,0,0,7,6,47,0.2121911,-3.573341,0.005938416
2,43,1,16,5,36,37,2,0,0,2,11,53,0.2392793,-3.554222,0.00931085
4,46,1,19,3,36,31,2,0,0,4,9,51,0.2302499,-3.500358,0.01191349
6,41,1,8,5,37,16,3,0,0,6,12,49,0.2212205,-3.456372,0.01367302
5,45,2,9,4,35,17,4,0,0,4,8,50,0.2257352,-3.469799,0.01334311
3,51,1,25,3,39,23,2,0,0,3,4,52,0.2347646,-3.597877,0.006158358
6,46,2,14,4,37,22,2,0,0,4,8,49,0.2212205,-3.510704,0.01041056
10,51,2,17,3,35,10,2,0,0,9,4,45,0.2031617,-3.583025,0.004692082
2,51,1,18,2,39,29,1,0,0,2,5,53,0.2392793,-3.63637,0.003995601
7,44,2,12,4,37,20,3,0,0,6,8,48,0.2167058,-3.504049,0.0103739
3,46,2,15,5,39,40,2,0,0,2,8,52,0.2347646,-3.586339,0.006891496
4,52,1,31,2,37,21,1,0,0,4,4,51,0.2302499,-3.649629,0.002602639
6,50,1,26,2,37,16,2,0,0,6,5,49,0.2212205,-3.590674,0.005608504
8,51,1,17,2,36,16,1,0,0,8,4,47,0.2121911,-3.598744,0.004472141
5,50,2,21,2,38,19,1,0,0,4,6,50,0.2257352,-3.616518,0.00436217
4,50,1,14,2,38,44,1,0,0,4,6,51,0.2302499,-3.627885,0.003958944
5,50,1,20,2,37,18,1,0,0,5,6,50,0.2257352,-3.620111,0.004142229
3,45,1,7,3,38,16,1,0,0,3,11,52,0.2347646,-3.587493,0.006818182
9,47,1,25,4,34,13,1,0,0,9,9,46,0.2076764,-3.491876,0.01019062
3,48,1,16,3,38,44,2,0,0,3,7,52,0.2347646,-3.5973,0.006195015
4,43,2,9,5,38,29,2,0,0,3,11,51,0.2302499,-3.506822,0.01151026
8,46,2,13,3,34,13,3,0,0,7,7,47,0.2121911,-3.56572,0.006378299
2,43,1,12,4,40,24,3,0,0,2,10,53,0.2392793,-3.529294,0.01092375
3,46,2,25,6,40,33,2,0,0,2,9,52,0.2347646,-3.519416,0.0111437
5,52,1,26,2,38,16,1,0,0,5,4,50,0.2257352,-3.638077,0.003042522
6,50,1,28,3,36,13,1,0,0,6,6,49,0.2212205,-3.582738,0.006085044
10,51,2,15,2,35,18,2,0,0,9,4,45,0.2031617,-3.606187,0.003409091
10,45,2,13,3,31,13,2,0,0,8,10,45,0.2031617,-3.411625,0.01418622
8,47,2,16,2,34,12,2,0,0,7,7,47,0.2121911,-3.556193,0.006928152
3,45,1,10,4,38,46,1,0,0,3,10,52,0.2347646,-3.564416,0.008284457
9,50,2,19,2,35,15,1,0,0,7,6,46,0.2076764,-3.604655,0.003812317
8,49,2,13,4,37,20,2,0,0,7,6,47,0.2121911,-3.567625,0.006268328
10,52,2,22,2,34,27,1,0,0,6,4,45,0.2031617,-3.575746,0.005095308
4,41,1,9,3,36,19,5,0,0,4,10,51,0.2302499,-3.541496,0.009347507
2,45,1,12,3,39,28,2,0,0,2,10,53,0.2392793,-3.578016,0.007771261
5,48,1,25,3,36,19,2,0,0,5,7,50,0.2257352,-3.530882,0.009604106
5,45,1,27,6,36,22,2,0,0,5,8,50,0.2257352,-3.557232,0.007991202
4,44,2,12,5,38,17,2,0,0,3,11,51,0.2302499,-3.481552,0.01308651
4,48,1,15,3,37,27,2,0,0,4,7,51,0.2302499,-3.53797,0.009567449
5,43,3,9,5,39,25,2,0,0,3,12,50,0.2257352,-3.518905,0.01033724
4,48,1,18,3,37,21,2,0,0,4,7,51,0.2302499,-3.582046,0.006818182
5,43,2,11,4,38,17,2,0,0,4,10,50,0.2257352,-3.494951,0.01180352
9,44,2,19,3,33,10,2,0,0,8,10,46,0.2076764,-3.554099,0.006671554
4,42,1,10,3,36,34,3,0,0,4,10,51,0.2302499,-3.499183,0.0119868
8,46,2,9,3,36,21,2,0,0,6,8,47,0.2121911,-3.539046,0.007917889
5,44,1,9,5,36,20,2,0,0,5,11,50,0.2257352,-3.491358,0.01202346
13,47,2,16,3,29,8,1,0,0,12,9,42,0.1896175,-3.475618,0.009237537
4,45,1,21,4,37,18,1,0,0,4,10,51,0.2302499,-3.56324,0.007991202
6,48,1,14,3,36,26,2,0,0,6,7,49,0.2212205,-3.597389,0.005205279
3,43,1,9,4,36,33,1,0,0,3,13,52,0.2347646,-3.510762,0.01169355
4,44,1,14,4,38,26,2,0,0,4,10,51,0.2302499,-3.519751,0.01070381
5,47,1,21,5,38,19,2,0,0,5,8,50,0.2257352,-3.549447,0.008467742
11,51,2,22,3,33,10,2,0,0,10,4,44,0.198647,-3.542896,0.006524927
6,47,1,14,4,35,16,2,0,0,6,8,49,0.2212205,-3.549163,0.008101173
6,48,1,14,3,36,12,1,0,0,6,7,49,0.2212205,-3.632186,0.003115836
16,45,3,22,4,30,7,4,0,0,13,7,39,0.1760734,-3.45425,0.008870968
9,44,2,10,5,33,13,3,0,0,8,9,46,0.2076764,-3.427061,0.0138563
5,48,1,18,4,36,14,1,0,0,5,8,50,0.2257352,-3.54226,0.008907625
4,49,2,23,4,37,21,2,0,0,3,5,51,0.2302499,-3.560889,0.00813783
3,48,2,13,3,38,32,1,0,0,2,8,52,0.2347646,-3.622684,0.004582111
10,50,2,16,2,34,12,1,0,0,9,6,45,0.2031617,-3.58104,0.004802053
4,53,1,31,1,37,19,1,0,0,4,3,51,0.2302499,-3.65962,0.001979472
4,46,1,10,4,37,27,2,0,0,4,9,51,0.2302499,-3.503296,0.01173021
6,45,2,12,4,34,23,1,0,0,5,11,49,0.2212205,-3.570529,0.006818182
1,46,1,24,5,39,39,3,0,0,1,6,54,0.243794,-3.571104,0.008577713
7,45,1,13,3,35,24,3,0,0,7,8,48,0.2167058,-3.513387,0.009824047
5,50,2,14,2,36,26,1,0,0,4,6,50,0.2257352,-3.594959,0.005681818
3,45,1,19,4,40,30,2,0,0,3,10,52,0.2347646,-3.503263,0.01217009
13,47,2,11,3,31,7,2,0,0,12,8,42,0.1896175,-3.517291,0.00707478
10,45,1,10,5,34,7,2,0,0,10,9,45,0.2031617,-3.467876,0.01107038
8,43,3,9,4,36,23,2,0,0,6,11,47,0.2121911,-3.523804,0.008797654
6,46,1,8,3,36,15,2,0,0,6,9,49,0.2212205,-3.527186,0.009420821
4,45,1,13,4,37,27,2,0,0,4,9,51,0.2302499,-3.538557,0.009530792
9,41,3,11,4,32,14,3,0,0,7,10,46,0.2076764,-3.418635,0.01433284
7,46,2,12,4,34,16,2,0,0,6,9,48,0.2167058,-3.505917,0.01026393
4,51,1,24,2,38,24,1,0,0,4,5,51,0.2302499,-3.625534,0.004105572
7,46,2,10,3,35,22,2,0,0,5,9,48,0.2167058,-3.575018,0.006195015
7,47,1,15,3,35,11,4,0,0,7,6,48,0.2167058,-3.523348,0.009237537
13,48,2,18,3,32,10,2,0,0,11,7,42,0.1896175,-3.542012,0.005791789
3,45,1,14,5,37,31,3,0,0,3,7,52,0.2347646,-3.516532,0.01132698
5,48,2,25,5,35,24,1,0,0,4,8,50,0.2257352,-3.540464,0.009017595
3,51,1,17,2,39,28,1,0,0,3,5,52,0.2347646,-3.601339,0.005938416
6,45,1,21,3,35,26,4,0,0,6,7,49,0.2212205,-3.605325,0.004728739
5,46,2,10,3,37,15,2,0,0,4,8,50,0.2257352,-3.549447,0.008467742
4,49,1,23,3,37,14,1,0,0,4,7,51,0.2302499,-3.648454,0.002675953
6,47,1,18,5,35,12,2,0,0,6,6,49,0.2212205,-3.552825,0.007881232
4,45,2,13,4,35,28,2,0,0,3,10,51,0.2302499,-3.529742,0.01008065
10,45,2,8,3,34,15,2,0,0,9,9,45,0.2031617,-3.489053,0.009897361
10,53,2,33,2,35,14,1,0,0,8,3,45,0.2031617,-3.638614,0.001612903
8,49,2,27,3,34,16,3,0,0,7,4,47,0.2121911,-3.545397,0.00755132
9,47,2,14,3,34,20,1,0,0,7,9,46,0.2076764,-3.529469,0.008064516
3,43,1,8,4,34,22,2,0,0,3,10,52,0.2347646,-3.534416,0.01019062
11,43,2,9,4,29,11,4,0,0,9,8,44,0.198647,-3.398911,0.01433284
9,48,2,11,2,35,11,2,0,0,8,7,46,0.2076764,-3.576136,0.00542522
6,44,1,11,3,36,16,3,0,0,6,9,49,0.2212205,-3.447215,0.01422287
5,47,1,18,3,38,22,2,0,0,5,7,50,0.2257352,-3.574,0.006964809
4,48,1,18,2,38,14,1,0,0,4,8,51,0.2302499,-3.567941,0.007697947
3,49,1,12,2,38,25,2,0,0,3,6,52,0.2347646,-3.607108,0.005571848
5,47,1,15,4,37,11,1,0,0,5,9,50,0.2257352,-3.555435,0.008101173
5,49,1,22,2,36,25,1,0,0,5,7,50,0.2257352,-3.630891,0.003482405
13,47,3,15,3,31,7,1,0,0,10,9,42,0.1896175,-3.539187,0.005938416
7,46,2,9,4,35,16,2,0,0,5,8,48,0.2167058,-3.500314,0.01059384
4,43,1,14,5,37,18,3,0,0,4,9,51,0.2302499,-3.518576,0.01077713
5,46,2,16,4,35,19,3,0,0,4,8,50,0.2257352,-3.488363,0.01220674
6,48,2,16,4,36,21,2,0,0,5,7,49,0.2212205,-3.53207,0.009127566
8,39,2,9,5,34,11,4,0,0,7,10,47,0.2121911,-3.382816,0.01693548
5,49,2,14,3,38,23,1,0,0,3,7,50,0.2257352,-3.58418,0.006341642
3,45,1,11,4,37,23,2,0,0,3,9,52,0.2347646,-3.5898,0.006671554
12,46,3,18,4,30,9,4,0,0,8,7,43,0.1941323,-3.512065,0.007771261
5,49,1,18,3,38,17,2,0,0,5,6,50,0.2257352,-3.536272,0.009274194
6,53,2,21,1,35,18,1,0,0,5,3,49,0.2212205,-3.65172,0.001942815
9,46,4,21,6,36,16,2,0,0,6,8,46,0.2076764,-3.527525,0.008174487
9,49,2,20,3,36,15,2,0,0,6,5,46,0.2076764,-3.528821,0.008101173
4,45,1,10,3,39,23,1,0,0,4,11,51,0.2302499,-3.569704,0.007587977
5,50,1,15,2,36,24,1,0,0,5,6,50,0.2257352,-3.597954,0.005498534
6,51,1,20,3,35,18,2,0,0,6,4,49,0.2212205,-3.608377,0.004545455
9,52,1,43,3,35,9,1,0,0,9,4,46,0.2076764,-3.596877,0.004252199
3,46,1,12,5,38,31,3,0,0,3,8,52,0.2347646,-3.592685,0.00648827
9,49,3,21,3,35,16,2,0,0,6,6,46,0.2076764,-3.535303,0.007734604
3,51,1,25,2,38,24,2,0,0,3,4,52,0.2347646,-3.608838,0.005461877
7,47,2,10,4,36,18,2,0,0,6,8,48,0.2167058,-3.536421,0.008467742
7,41,1,7,6,34,17,4,0,0,7,11,48,0.2167058,-3.441796,0.01403959
1,43,1,9,4,38,44,2,0,0,1,10,54,0.243794,-3.556077,0.009567449
4,46,1,7,3,37,20,1,0,0,4,10,51,0.2302499,-3.589098,0.006378299
10,47,1,16,3,35,14,2,0,0,10,8,45,0.2031617,-3.536701,0.007258065
6,44,1,9,5,38,16,2,0,0,6,10,49,0.2212205,-3.452099,0.01392962
13,49,3,16,3,31,10,2,0,0,9,6,42,0.1896175,-3.56532,0.004582111
8,48,1,11,3,35,17,1,0,0,8,8,47,0.2121911,-3.584137,0.005315249
6,42,1,9,4,37,12,3,0,0,6,10,49,0.2212205,-3.500936,0.01099707
5,46,2,12,3,37,23,2,0,0,4,8,50,0.2257352,-3.537469,0.00920088
7,46,2,12,3,36,17,1,0,0,5,10,48,0.2167058,-3.589336,0.005351906
5,52,1,29,2,39,22,1,0,0,5,4,50,0.2257352,-3.612326,0.004618768
2,49,1,34,3,40,25,1,0,0,2,7,53,0.2392793,-3.634104,0.004142229
8,47,1,21,3,34,15,2,0,0,8,8,47,0.2121911,-3.567625,0.006268328
6,46,1,22,5,36,19,2,0,0,6,9,49,0.2212205,-3.517419,0.01000733
7,50,2,19,3,34,12,2,0,0,6,5,48,0.2167058,-3.62233,0.003409091
5,48,1,11,4,38,18,1,0,0,5,8,50,0.2257352,-3.550644,0.008394428
5,39,1,7,4,35,27,2,0,0,5,15,50,0.2257352,-3.388355,0.01832845
10,46,3,12,4,32,8,2,0,0,8,9,45,0.2031617,-3.48442,0.01015396
12,47,2,16,4,31,24,2,0,0,7,8,43,0.1941323,-3.536934,0.006451613
3,44,1,12,3,37,27,2,0,0,3,10,52,0.2347646,-3.543647,0.009604106
5,48,1,25,3,37,18,1,0,0,5,8,50,0.2257352,-3.539865,0.009054252
5,40,2,10,5,35,26,2,0,0,4,11,50,0.2257352,-3.472793,0.01315982
6,41,2,11,4,36,17,2,0,0,5,13,49,0.2212205,-3.450268,0.01403959
2,41,1,13,3,37,32,5,0,0,2,8,53,0.2392793,-3.488503,0.01356305
3,50,2,13,2,37,38,1,0,0,2,6,52,0.2347646,-3.597877,0.006158358
5,49,1,17,3,37,19,2,0,0,5,6,50,0.2257352,-3.583581,0.006378299
6,44,2,12,3,37,14,2,0,0,5,10,49,0.2212205,-3.507651,0.01059384
3,49,1,37,4,39,31,2,0,0,3,6,52,0.2347646,-3.625569,0.004398827
5,46,1,10,3,35,15,2,0,0,5,8,50,0.2257352,-3.548848,0.008504399
9,49,1,34,2,36,17,2,0,0,9,5,46,0.2076764,-3.583266,0.005021994
2,44,1,22,4,39,25,4,0,0,2,9,53,0.2392793,-3.527594,0.01103372
5,49,1,20,4,36,18,2,0,0,5,5,50,0.2257352,-3.617117,0.004325513
5,46,1,12,3,37,17,1,0,0,5,10,50,0.2257352,-3.550644,0.008394428
6,46,2,15,4,36,30,1,0,0,5,10,49,0.2212205,-3.533291,0.009054252
7,50,2,13,2,35,25,1,0,0,6,6,48,0.2167058,-3.568792,0.006561584
4,48,2,17,3,37,19,2,0,0,3,7,51,0.2302499,-3.587922,0.006451613
4,46,2,17,5,38,19,3,0,0,3,7,51,0.2302499,-3.53797,0.009567449
5,49,2,20,2,35,18,2,0,0,4,6,50,0.2257352,-3.614123,0.004508798
12,50,2,21,2,32,14,2,0,0,10,5,43,0.1941323,-3.587364,0.00377566
2,44,1,15,6,39,26,3,0,0,2,8,53,0.2392793,-3.554222,0.00931085
3,46,1,19,3,37,28,1,0,0,3,10,52,0.2347646,-3.610569,0.005351906
10,50,2,22,2,34,19,1,0,0,7,6,45,0.2031617,-3.571113,0.005351906
3,42,1,11,4,38,26,2,0,0,3,11,52,0.2347646,-3.513647,0.01151026
8,46,3,15,4,37,13,2,0,0,6,9,47,0.2121911,-3.557464,0.006854839
9,51,2,29,2,36,11,2,0,0,8,4,46,0.2076764,-3.601414,0.003995601
4,49,3,16,3,39,29,2,0,0,2,6,51,0.2302499,-3.60379,0.005461877
9,49,2,22,3,33,12,1,0,0,8,7,46,0.2076764,-3.569655,0.005791789
7,45,2,13,4,35,15,2,0,0,6,10,48,0.2167058,-3.524593,0.009164223
3,45,1,13,4,39,38,3,0,0,3,8,52,0.2347646,-3.553454,0.008980938
5,51,1,22,2,38,25,2,0,0,5,4,50,0.2257352,-3.641071,0.002859238
6,42,1,8,6,36,20,2,0,0,6,12,49,0.2212205,-3.491169,0.01158358
5,43,2,9,4,37,28,2,0,0,4,12,50,0.2257352,-3.466206,0.01356305
6,51,1,28,2,36,15,1,0,0,6,5,49,0.2212205,-3.629744,0.003262463
5,49,1,13,3,38,23,2,0,0,5,6,50,0.2257352,-3.618914,0.004215543
4,47,1,16,3,36,34,2,0,0,4,7,51,0.2302499,-3.575581,0.007221408
2,48,1,15,3,39,25,2,0,0,2,6,53,0.2392793,-3.610309,0.005681818
8,49,2,11,3,35,14,1,0,0,6,7,47,0.2121911,-3.586677,0.005168622
5,47,1,16,3,36,17,3,0,0,5,7,50,0.2257352,-3.551842,0.008321114
6,45,2,13,3,37,24,3,0,0,5,8,49,0.2212205,-3.552825,0.007881232
6,44,1,9,4,36,13,2,0,0,6,11,49,0.2212205,-3.516198,0.01008065
10,48,2,13,3,31,13,2,0,0,9,7,45,0.2031617,-3.52148,0.008101173
7,48,2,17,4,36,13,3,0,0,6,6,48,0.2167058,-3.571282,0.006414956
5,46,1,14,4,36,21,3,0,0,5,8,50,0.2257352,-3.56861,0.007294721
6,51,1,20,2,36,13,1,0,0,6,5,49,0.2212205,-3.623029,0.003665689
6,44,2,18,5,38,15,3,0,0,5,8,49,0.2212205,-3.463087,0.01326979
4,42,2,18,5,38,30,3,0,0,3,10,51,0.2302499,-3.463334,0.01422287
11,49,2,26,3,34,13,2,0,0,9,5,44,0.198647,-3.603059,0.003262463
3,48,1,19,2,38,34,2,0,0,3,7,52,0.2347646,-3.564993,0.008247801
3,45,1,17,6,38,25,2,0,0,3,8,52,0.2347646,-3.544224,0.009567449
8,49,3,12,3,37,16,2,0,0,6,5,47,0.2121911,-3.595569,0.004655425
8,49,1,20,2,35,9,2,0,0,8,6,47,0.2121911,-3.615256,0.003519062
10,42,1,13,3,34,15,1,0,0,10,14,45,0.2031617,-3.44339,0.01242669
3,47,2,16,4,38,22,2,0,0,2,8,52,0.2347646,-3.564993,0.008247801
5,41,2,11,7,37,22,4,0,0,4,10,50,0.2257352,-3.463211,0.01374633
8,50,2,21,2,36,18,2,0,0,7,4,47,0.2121911,-3.626688,0.002859238
5,43,1,9,4,38,15,3,0,0,5,11,50,0.2257352,-3.476386,0.01293988
8,45,1,13,3,34,9,2,0,0,8,8,47,0.2121911,-3.506657,0.00978739
6,49,1,20,2,36,18,1,0,0,6,7,49,0.2212205,-3.615093,0.004142229
5,44,2,12,4,34,37,2,0,0,3,11,50,0.2257352,-3.518306,0.0103739
4,46,1,9,3,38,27,1,0,0,4,9,51,0.2302499,-3.58087,0.006891496
2,46,1,12,3,39,41,2,0,0,2,9,53,0.2392793,-3.587081,0.007184751
6,41,2,8,4,36,17,2,0,0,5,10,49,0.2212205,-3.458814,0.01352639
7,46,2,14,3,35,32,2,0,0,6,9,48,0.2167058,-3.542024,0.00813783
6,45,1,10,3,37,16,2,0,0,6,10,49,0.2212205,-3.536343,0.008870968
4,46,1,14,3,38,18,2,0,0,4,7,51,0.2302499,-3.553837,0.008577713
6,48,1,19,3,36,16,2,0,0,6,6,49,0.2212205,-3.620587,0.003812317
8,52,1,39,2,37,19,1,0,0,8,4,47,0.2121911,-3.636214,0.002309384
6,48,1,18,4,35,17,2,0,0,6,7,49,0.2212205,-3.529017,0.00931085
11,46,2,16,5,33,10,2,0,0,9,8,44,0.198647,-3.482733,0.00978739
7,46,2,13,3,36,13,1,0,0,6,10,48,0.2167058,-3.550116,0.00766129
7,52,1,25,2,37,11,1,0,0,7,4,48,0.2167058,-3.61735,0.003702346
7,45,2,15,6,37,13,4,0,0,6,8,48,0.2167058,-3.523348,0.009237537
3,46,1,20,3,37,14,3,0,0,3,8,52,0.2347646,-3.546531,0.009420821
6,48,1,19,4,37,16,2,0,0,6,7,49,0.2212205,-3.593726,0.00542522
1,44,1,11,5,40,35,3,0,0,1,10,54,0.243794,-3.546616,0.01019062
8,48,2,23,3,38,20,2,0,0,7,7,47,0.2121911,-3.476173,0.01154692
10,44,2,8,4,32,10,2,0,0,9,10,45,0.2031617,-3.493685,0.009640762
4,48,1,20,3,38,28,1,0,0,4,8,51,0.2302499,-3.565591,0.007844575
6,50,1,37,3,37,18,1,0,0,6,6,49,0.2212205,-3.618145,0.003958944
5,46,2,9,3,37,20,1,0,0,4,10,50,0.2257352,-3.528487,0.009750733
7,47,1,9,3,35,15,1,0,0,7,9,48,0.2167058,-3.534553,0.008577713
8,49,2,13,2,34,16,1,0,0,7,7,47,0.2121911,-3.590488,0.00494868
7,42,2,5,5,33,18,3,0,0,6,12,48,0.2167058,-3.4723,0.0122434
9,47,2,10,3,32,14,1,0,0,8,9,46,0.2076764,-3.566414,0.005975073
5,52,1,18,1,38,23,1,0,0,5,4,50,0.2257352,-3.642269,0.002785924
6,46,1,13,2,36,16,2,0,0,6,9,49,0.2212205,-3.535732,0.008907625
9,41,1,12,3,33,14,2,0,0,9,12,46,0.2076764,-3.445857,0.01279326
15,48,3,18,3,29,11,2,0,0,10,7,40,0.1805881,-3.490787,0.00755132
6,41,1,11,6,37,13,3,0,0,6,10,49,0.2212205,-3.485064,0.01195015
6,47,2,18,3,38,21,2,0,0,4,8,49,0.2212205,-3.57236,0.006708211
11,50,2,14,2,34,14,1,0,0,10,6,44,0.198647,-3.580751,0.004472141
5,46,2,16,4,37,18,2,0,0,4,8,50,0.2257352,-3.526091,0.009897361
1,41,1,9,4,39,30,2,0,0,1,14,54,0.243794,-3.483172,0.0143695
10,48,2,15,3,36,21,2,0,0,6,7,45,0.2031617,-3.55523,0.006231672
9,47,2,14,3,32,16,2,0,0,8,7,46,0.2076764,-3.561229,0.006268328
5,51,2,31,3,36,32,1,0,0,4,5,50,0.2257352,-3.594959,0.005681818
7,42,1,10,5,35,22,2,0,0,7,12,48,0.2167058,-3.491599,0.01110704
7,44,2,8,5,35,22,3,0,0,6,10,48,0.2167058,-3.490354,0.01118035
4,47,2,12,3,34,16,2,0,0,3,8,51,0.2302499,-3.538557,0.009530792
7,50,1,24,3,37,20,2,0,0,7,5,48,0.2167058,-3.604899,0.004435484
13,46,2,12,4,31,9,2,0,0,12,9,42,0.1896175,-3.493276,0.008321114
3,49,1,20,2,37,38,2,0,0,3,6,52,0.2347646,-3.626723,0.004325513
8,50,2,16,2,35,14,1,0,0,7,6,47,0.2121911,-3.60954,0.003848974
6,46,1,16,3,36,16,2,0,0,6,9,49,0.2212205,-3.551605,0.007954545
0,48,0,16,3,40,55,2,0,0,0,6,55,0.2483087,-3.566074,0.009274194
12,47,2,16,3,31,11,2,0,0,10,8,43,0.1941323,-3.489268,0.008980938
7,51,2,37,3,37,21,1,0,0,6,5,48,0.2167058,-3.620462,0.003519062
9,49,1,23,4,36,12,2,0,0,9,6,46,0.2076764,-3.585211,0.004912023
8,46,2,11,3,32,17,2,0,0,7,8,47,0.2121911,-3.521899,0.008907625
4,48,1,19,2,37,20,1,0,0,4,8,51,0.2302499,-3.57323,0.007368035
10,50,2,22,2,35,21,2,0,0,9,5,45,0.2031617,-3.55126,0.006451613
11,43,2,8,4,34,11,2,0,0,9,12,44,0.198647,-3.435414,0.01235337
7,42,2,10,5,36,24,2,0,0,6,12,48,0.2167058,-3.482883,0.01162023
5,44,1,9,4,36,20,2,0,0,5,10,50,0.2257352,-3.508724,0.01096041
7,50,2,17,3,37,13,1,0,0,6,6,48,0.2167058,-3.57564,0.006158358
9,52,3,28,2,35,17,1,0,0,7,4,46,0.2076764,-3.63123,0.002309384
3,42,1,8,4,38,22,3,0,0,3,11,52,0.2347646,-3.494032,0.0127566
5,49,2,16,2,37,17,1,0,0,4,7,50,0.2257352,-3.621309,0.004068915
6,44,1,16,3,38,20,2,0,0,6,10,49,0.2212205,-3.490558,0.01162023
7,44,1,9,3,35,15,2,0,0,7,9,48,0.2167058,-3.500314,0.01059384
8,44,2,9,4,34,22,3,0,0,6,10,47,0.2121911,-3.446324,0.01326979
3,49,1,33,3,39,21,2,0,0,3,6,52,0.2347646,-3.622684,0.004582111
8,50,2,28,3,35,23,2,0,0,7,5,47,0.2121911,-3.587313,0.005131965
4,49,1,14,3,36,12,1,0,0,4,7,51,0.2302499,-3.622008,0.004325513
6,48,2,13,3,36,32,2,0,0,4,7,49,0.2212205,-3.563814,0.007221408
8,44,2,16,3,35,25,2,0,0,7,9,47,0.2121911,-3.457756,0.01260997
5,51,1,12,1,37,31,1,0,0,5,5,50,0.2257352,-3.639275,0.002969208
5,42,1,9,3,36,28,2,0,0,5,12,50,0.2257352,-3.512916,0.01070381
10,50,2,16,2,34,12,1,0,0,8,6,45,0.2031617,-3.618099,0.002749267
7,46,1,13,3,34,16,3,0,0,7,6,48,0.2167058,-3.531441,0.008760997
6,50,2,18,3,35,13,1,0,0,5,6,49,0.2212205,-3.642563,0.002492669
5,48,2,8,3,35,25,1,0,0,4,8,50,0.2257352,-3.539266,0.009090909
4,53,1,26,1,38,19,1,0,0,4,3,51,0.2302499,-3.676075,0.0009530792
5,44,1,11,3,38,13,2,0,0,5,11,50,0.2257352,-3.541661,0.008944282
4,47,2,11,3,40,29,1,0,0,3,9,51,0.2302499,-3.555012,0.008504399
10,45,2,8,4,35,12,2,0,0,8,10,45,0.2031617,-3.491038,0.00978739
9,48,3,18,3,36,13,2,0,0,6,7,46,0.2076764,-3.529469,0.008064516
11,48,2,16,3,31,8,2,0,0,9,7,44,0.198647,-3.494901,0.009127566
4,44,2,10,4,39,24,1,0,0,3,12,51,0.2302499,-3.52269,0.01052053
8,46,1,24,7,34,9,2,0,0,8,8,47,0.2121911,-3.398058,0.01605572
14,50,2,17,2,30,6,1,0,0,10,6,41,0.1851028,-3.576231,0.003665689
8,51,2,20,3,36,17,1,0,0,7,5,47,0.2121911,-3.560004,0.006708211
5,40,1,11,6,36,22,3,0,0,5,13,50,0.2257352,-3.469799,0.01334311
7,50,2,13,2,35,12,1,0,0,6,6,48,0.2167058,-3.593071,0.005131965
6,41,2,6,5,36,15,3,0,0,4,11,49,0.2212205,-3.449657,0.01407625
5,50,1,17,4,37,16,1,0,0,5,6,50,0.2257352,-3.615321,0.004435484
5,45,1,12,4,36,22,2,0,0,5,10,50,0.2257352,-3.507527,0.01103372
7,48,2,23,2,37,15,1,0,0,6,8,48,0.2167058,-3.616727,0.003739003
10,52,2,21,2,34,14,1,0,0,8,4,45,0.2031617,-3.638614,0.001612903
6,48,1,16,3,38,15,2,0,0,6,7,49,0.2212205,-3.569308,0.006891496
8,46,3,16,3,36,20,2,0,0,6,9,47,0.2121911,-3.587313,0.005131965
5,50,1,18,2,37,17,1,0,0,5,6,50,0.2257352,-3.635083,0.003225806
8,46,2,17,3,34,13,2,0,0,7,9,47,0.2121911,-3.53333,0.008247801
4,47,1,12,4,37,14,2,0,0,4,8,51,0.2302499,-3.549723,0.008834311
2,49,1,13,3,39,21,1,0,0,2,7,53,0.2392793,-3.616541,0.005278592
3,47,1,12,3,40,22,1,0,0,3,9,52,0.2347646,-3.588069,0.006781525
4,49,1,27,2,37,23,2,0,0,4,6,51,0.2302499,-3.604378,0.00542522
5,46,1,11,3,37,16,2,0,0,5,9,50,0.2257352,-3.561424,0.007734604
8,48,2,14,4,34,11,2,0,0,7,6,47,0.2121911,-3.554288,0.007038123
3,50,1,14,2,37,24,1,0,0,3,6,52,0.2347646,-3.585762,0.006928152
8,40,2,8,5,35,21,2,0,0,7,13,47,0.2121911,-3.405044,0.01565249
4,47,1,21,6,37,18,3,0,0,4,7,51,0.2302499,-3.556775,0.008394428
8,41,1,17,6,34,14,4,0,0,8,10,47,0.2121911,-3.420921,0.01473607
10,44,2,12,6,34,15,2,0,0,9,10,45,0.2031617,-3.455302,0.01176686
2,47,1,13,5,39,22,2,0,0,2,8,53,0.2392793,-3.59048,0.006964809
6,49,1,17,4,37,11,2,0,0,6,6,49,0.2212205,-3.630354,0.003225806
9,50,3,13,2,35,17,1,0,0,5,6,46,0.2076764,-3.594285,0.004398827
6,51,1,35,3,36,20,2,0,0,6,4,49,0.2212205,-3.593116,0.005461877
4,40,2,9,7,40,28,3,0,0,3,10,51,0.2302499,-3.516813,0.0108871
9,50,2,18,2,35,17,2,0,0,8,5,46,0.2076764,-3.601414,0.003995601
3,47,2,17,5,37,34,1,0,0,2,9,52,0.2347646,-3.574223,0.00766129
5,49,1,21,3,37,34,1,0,0,5,7,50,0.2257352,-3.637478,0.003079179
4,46,1,10,5,37,22,1,0,0,4,10,51,0.2302499,-3.516225,0.01092375
3,44,1,16,4,37,24,3,0,0,3,8,52,0.2347646,-3.521147,0.01103372
1,49,1,16,3,40,51,1,0,0,1,7,54,0.243794,-3.627314,0.004875367
8,48,2,19,4,37,22,3,0,0,5,6,47,0.2121911,-3.587313,0.005131965
4,42,1,8,4,38,22,2,0,0,4,12,51,0.2302499,-3.555012,0.008504399
6,47,1,10,3,36,19,2,0,0,6,8,49,0.2212205,-3.559541,0.007478006
3,46,1,8,4,39,28,2,0,0,3,9,52,0.2347646,-3.592685,0.00648827
4,51,1,21,2,37,19,1,0,0,4,5,51,0.2302499,-3.62906,0.00388563
5,50,1,11,2,36,26,1,0,0,5,6,50,0.2257352,-3.609332,0.004802053
4,45,1,13,4,37,21,3,0,0,4,8,51,0.2302499,-3.51505,0.01099707
7,46,2,15,3,35,17,1,0,0,6,10,48,0.2167058,-3.543269,0.008064516
4,47,1,13,4,37,25,3,0,0,4,7,51,0.2302499,-3.543259,0.009237537
3,46,1,21,3,37,19,2,0,0,3,8,52,0.2347646,-3.588069,0.006781525
7,45,2,10,3,37,18,3,0,0,6,8,48,0.2167058,-3.556342,0.007294721
5,45,1,11,5,36,23,2,0,0,5,9,50,0.2257352,-3.569808,0.007221408
11,46,2,15,6,34,10,3,0,0,9,8,44,0.198647,-3.498281,0.008944282
9,47,3,12,4,33,12,2,0,0,6,8,46,0.2076764,-3.568359,0.005865103
8,42,1,13,3,33,14,2,0,0,8,10,47,0.2121911,-3.495225,0.01044721
16,49,2,18,3,30,7,2,0,0,12,6,39,0.1760734,-3.523164,0.005535191
5,50,1,24,3,37,24,2,0,0,5,4,50,0.2257352,-3.62071,0.004105572
10,48,3,10,3,34,12,2,0,0,6,7,45,0.2031617,-3.561186,0.00590176
5,51,1,21,2,38,22,1,0,0,5,5,50,0.2257352,-3.591366,0.00590176
7,52,1,26,1,36,21,1,0,0,7,4,48,0.2167058,-3.636648,0.002565982
4,47,1,18,3,39,37,2,0,0,4,8,51,0.2302499,-3.542083,0.00931085
5,43,2,15,4,36,22,3,0,0,4,10,50,0.2257352,-3.529684,0.009677419
5,47,2,13,3,37,20,2,0,0,4,8,50,0.2257352,-3.531481,0.009567449
6,44,1,11,3,37,18,2,0,0,6,11,49,0.2212205,-3.508872,0.01052053
6,46,2,18,4,37,17,2,0,0,5,8,49,0.2212205,-3.603494,0.00483871
11,49,1,31,4,35,9,3,0,0,11,4,44,0.198647,-3.532756,0.00707478
10,48,3,11,3,34,18,2,0,0,5,7,45,0.2031617,-3.512877,0.008577713
4,49,1,17,2,37,25,2,0,0,4,5,51,0.2302499,-3.603202,0.005498534
4,51,1,15,2,37,15,1,0,0,4,5,51,0.2302499,-3.649041,0.002639296
5,52,1,35,2,37,17,1,0,0,5,4,50,0.2257352,-3.64706,0.002492669
6,48,1,19,4,36,21,2,0,0,6,6,49,0.2212205,-3.502157,0.01092375
8,48,1,13,2,34,9,2,0,0,8,7,47,0.2121911,-3.595569,0.004655425
8,48,2,19,3,36,13,1,0,0,7,8,47,0.2121911,-3.528885,0.008504399
7,46,1,20,4,36,11,2,0,0,7,7,48,0.2167058,-3.584356,0.005645161
5,45,2,9,5,37,23,1,0,0,4,11,50,0.2257352,-3.491956,0.0119868
8,46,3,8,4,35,18,2,0,0,6,9,47,0.2121911,-3.516818,0.00920088
4,46,1,7,4,37,22,2,0,0,4,9,51,0.2302499,-3.570292,0.00755132
6,48,1,31,2,34,16,3,0,0,6,5,49,0.2212205,-3.597389,0.005205279
7,43,2,20,5,36,20,3,0,0,6,8,48,0.2167058,-3.505917,0.01026393
8,53,2,50,1,36,23,1,0,0,6,3,47,0.2121911,-3.64193,0.001979472
5,43,1,9,5,37,22,2,0,0,5,11,50,0.2257352,-3.471595,0.01323314
8,42,1,11,6,34,12,5,0,0,8,8,47,0.2121911,-3.41711,0.01495601
7,47,2,13,4,37,14,2,0,0,6,8,48,0.2167058,-3.559454,0.007111437
7,47,2,15,2,33,20,1,0,0,5,9,48,0.2167058,-3.535798,0.008504399
9,43,2,6,5,36,16,2,0,0,7,12,46,0.2076764,-3.478265,0.01096041
9,43,1,9,4,31,9,3,0,0,9,10,46,0.2076764,-3.458172,0.01209677
5,51,1,30,3,36,15,2,0,0,5,4,50,0.2257352,-3.642868,0.002749267
4,46,2,16,6,37,20,2,0,0,3,7,51,0.2302499,-3.539145,0.009494135
4,51,1,22,2,37,18,1,0,0,4,5,51,0.2302499,-3.584984,0.006634897
9,49,1,18,2,35,12,1,0,0,9,7,46,0.2076764,-3.57484,0.005498534
8,43,2,9,4,35,11,2,0,0,7,11,47,0.2121911,-3.487604,0.0108871
13,47,4,9,3,32,14,2,0,0,7,8,42,0.1896175,-3.517291,0.00707478
6,47,1,18,3,36,32,2,0,0,6,7,49,0.2212205,-3.560761,0.007404692
8,46,2,10,3,35,14,2,0,0,7,9,47,0.2121911,-3.573976,0.00590176
4,44,1,11,3,36,25,2,0,0,4,9,51,0.2302499,-3.549723,0.008834311
10,46,2,12,4,36,20,3,0,0,8,8,45,0.2031617,-3.459935,0.01151026
4,46,2,17,3,35,26,2,0,0,3,9,51,0.2302499,-3.584396,0.006671554
5,40,1,10,7,36,13,5,0,0,5,9,50,0.2257352,-3.40632,0.01722874
4,46,1,12,3,36,30,2,0,0,4,7,51,0.2302499,-3.536794,0.009640762
5,46,1,27,4,37,23,2,0,0,5,8,50,0.2257352,-3.536272,0.009274194
5,45,1,11,3,36,17,2,0,0,5,10,50,0.2257352,-3.548249,0.008541056
15,49,2,26,2,33,8,1,0,0,13,7,40,0.1805881,-3.576569,0.00329912
4,46,1,16,5,35,32,2,0,0,4,9,51,0.2302499,-3.522102,0.01055718
4,50,1,15,2,37,19,2,0,0,4,5,51,0.2302499,-3.620833,0.004398827
6,48,2,25,3,36,15,2,0,0,4,7,49,0.2212205,-3.587622,0.005791789
3,43,1,10,6,39,25,5,0,0,3,9,52,0.2347646,-3.510762,0.01169355
9,50,3,28,2,36,15,1,0,0,7,6,46,0.2076764,-3.545673,0.007148094
3,47,1,10,2,38,24,2,0,0,3,8,52,0.2347646,-3.608262,0.005498534
3,48,1,17,3,38,33,2,0,0,3,7,52,0.2347646,-3.607108,0.005571848
3,48,1,14,3,38,25,2,0,0,3,7,52,0.2347646,-3.572493,0.007771261
13,45,2,26,3,31,15,2,0,0,11,8,42,0.1896175,-3.512347,0.007331378
6,48,3,7,3,36,18,1,0,0,4,8,49,0.2212205,-3.569308,0.006891496
9,45,1,11,3,33,10,4,0,0,9,7,46,0.2076764,-3.539192,0.007514663
3,51,1,37,3,39,22,1,0,0,3,5,52,0.2347646,-3.646915,0.003042522
3,50,1,20,2,39,29,1,0,0,3,6,52,0.2347646,-3.583454,0.00707478
8,42,2,15,6,34,14,3,0,0,6,11,47,0.2121911,-3.448864,0.01312317
4,48,1,16,3,37,27,1,0,0,4,8,51,0.2302499,-3.563828,0.007954545
11,45,2,16,4,33,9,2,0,0,8,9,44,0.198647,-3.505041,0.008577713
7,45,3,14,4,36,22,3,0,0,5,8,48,0.2167058,-3.475413,0.01206012
11,46,2,13,3,35,17,1,0,0,8,10,44,0.198647,-3.521264,0.007697947
7,46,1,15,3,34,14,2,0,0,7,7,48,0.2167058,-3.52646,0.009054252
4,43,1,21,3,38,24,2,0,0,4,9,51,0.2302499,-3.527979,0.01019062
8,47,2,15,5,35,13,2,0,0,6,8,47,0.2121911,-3.519359,0.009054252
7,44,3,13,4,36,19,3,0,0,5,10,48,0.2167058,-3.454247,0.01330645
8,39,2,7,5,34,19,5,0,0,7,11,47,0.2121911,-3.41203,0.01524927
8,45,1,12,4,35,12,2,0,0,8,9,47,0.2121911,-3.551748,0.007184751
10,47,2,21,5,34,16,1,0,0,8,9,45,0.2031617,-3.51023,0.00872434
5,49,1,14,3,37,15,2,0,0,5,6,50,0.2257352,-3.572203,0.00707478
5,48,2,16,3,38,34,2,0,0,4,6,50,0.2257352,-3.586576,0.006195015
7,49,2,26,5,36,25,2,0,0,6,6,48,0.2167058,-3.602409,0.004582111
7,50,2,27,2,36,21,1,0,0,6,6,48,0.2167058,-3.606144,0.00436217
11,45,3,9,4,31,16,2,0,0,6,10,44,0.198647,-3.487465,0.009530792
10,48,2,20,3,34,10,2,0,0,9,7,45,0.2031617,-3.559201,0.00601173
5,43,2,7,4,36,22,2,0,0,4,10,50,0.2257352,-3.499742,0.01151026
6,43,1,12,4,35,15,2,0,0,6,10,49,0.2212205,-3.491169,0.01158358
2,50,1,36,3,38,41,2,0,0,2,5,53,0.2392793,-3.613142,0.005498534
9,48,2,18,3,34,14,3,0,0,8,6,46,0.2076764,-3.591044,0.004582111
11,50,2,28,4,33,12,2,0,0,10,4,44,0.198647,-3.55912,0.005645161
8,45,1,23,3,35,16,2,0,0,8,10,47,0.2121911,-3.53333,0.008247801
0,47,0,21,3,39,55,2,0,0,0,7,55,0.2483087,-3.612012,0.006195015
6,44,1,12,3,33,15,3,0,0,6,8,49,0.2212205,-3.483233,0.01206012
13,49,2,17,3,31,8,2,0,0,12,6,42,0.1896175,-3.576622,0.003995601
9,51,2,18,2,33,14,1,0,0,7,5,46,0.2076764,-3.587803,0.004765396
5,50,2,19,3,39,27,2,0,0,3,5,50,0.2257352,-3.562621,0.00766129
2,44,1,9,4,39,48,2,0,0,2,11,53,0.2392793,-3.572351,0.00813783
7,39,2,6,6,34,21,3,0,0,6,12,48,0.2167058,-3.378298,0.01777859
12,42,2,12,4,32,13,3,0,0,10,12,43,0.1941323,-3.441601,0.01151026
4,51,1,34,2,39,24,1,0,0,4,5,51,0.2302499,-3.638463,0.00329912
5,47,1,14,4,35,20,3,0,0,5,6,50,0.2257352,-3.550045,0.008431085
3,44,1,16,4,40,24,2,0,0,3,9,52,0.2347646,-3.548262,0.00931085
15,49,2,21,2,31,12,2,0,0,13,6,40,0.1805881,-3.566956,0.00377566
9,50,2,14,2,35,17,1,0,0,8,6,46,0.2076764,-3.624748,0.002675953
8,47,2,17,3,33,12,2,0,0,7,8,47,0.2121911,-3.551748,0.007184751
11,47,3,17,4,32,13,2,0,0,8,8,44,0.198647,-3.539516,0.006708211
6,41,1,9,5,36,22,2,0,0,6,11,49,0.2212205,-3.438059,0.01477273
7,45,1,10,3,35,16,3,0,0,7,9,48,0.2167058,-3.495334,0.0108871
8,48,1,11,4,36,17,1,0,0,8,8,47,0.2121911,-3.588583,0.005058651
3,42,1,10,7,38,16,3,0,0,3,9,52,0.2347646,-3.47557,0.01392962
7,46,1,7,4,33,13,1,0,0,7,10,48,0.2167058,-3.548871,0.007734604
6,46,1,18,4,35,13,1,0,0,6,10,49,0.2212205,-3.489337,0.01169355
9,49,2,17,2,35,20,1,0,0,8,7,46,0.2076764,-3.595581,0.004325513
6,47,2,15,4,38,26,2,0,0,5,8,49,0.2212205,-3.552215,0.007917889
3,46,1,19,4,39,24,2,0,0,3,8,52,0.2347646,-3.56557,0.008211144
7,47,1,19,4,34,20,2,0,0,7,8,48,0.2167058,-3.51152,0.009934018
5,42,1,8,4,36,24,2,0,0,5,11,50,0.2257352,-3.483572,0.0125
8,48,2,12,3,35,14,2,0,0,7,7,47,0.2121911,-3.510467,0.009567449
6,48,2,13,3,36,19,1,0,0,5,7,49,0.2212205,-3.576633,0.006451613
5,44,1,9,5,36,30,3,0,0,5,10,50,0.2257352,-3.504532,0.01121701
6,45,1,11,5,34,27,2,0,0,6,8,49,0.2212205,-3.460646,0.01341642
2,46,1,11,3,37,32,2,0,0,2,8,53,0.2392793,-3.602944,0.006158358
6,46,1,10,3,39,25,2,0,0,6,8,49,0.2212205,-3.524744,0.009567449
3,46,1,12,4,39,23,2,0,0,3,9,52,0.2347646,-3.521147,0.01103372
5,45,1,17,4,37,15,2,0,0,5,8,50,0.2257352,-3.569808,0.007221408
4,46,1,13,3,37,22,2,0,0,4,8,51,0.2302499,-3.569704,0.007587977
7,43,2,9,6,35,23,3,0,0,6,11,48,0.2167058,-3.498447,0.01070381
4,51,1,18,3,36,21,2,0,0,4,4,51,0.2302499,-3.620833,0.004398827
8,55,1,55,0,35,15,0,0,0,8,1,47,0.2121911,-3.676224,0
4,44,1,13,4,38,26,3,0,0,4,10,51,0.2302499,-3.506235,0.01154692
4,49,1,17,3,37,27,1,0,0,4,7,51,0.2302499,-3.624359,0.004178886
3,49,1,12,3,39,19,2,0,0,3,6,52,0.2347646,-3.581146,0.007221408
13,49,2,23,3,31,9,2,0,0,11,6,42,0.1896175,-3.525767,0.006634897
7,48,2,13,2,36,14,2,0,0,6,7,48,0.2167058,-3.581243,0.005828446
5,42,2,16,6,36,25,3,0,0,4,10,50,0.2257352,-3.426082,0.01601906
4,47,1,14,4,38,26,2,0,0,4,8,51,0.2302499,-3.549723,0.008834311
9,49,3,19,3,33,13,1,0,0,7,7,46,0.2076764,-3.560581,0.006304985
4,46,1,24,5,37,21,3,0,0,4,7,51,0.2302499,-3.517401,0.01085044
4,44,1,14,4,37,21,4,0,0,4,8,51,0.2302499,-3.517401,0.01085044
6,46,3,13,4,34,29,2,0,0,3,9,49,0.2212205,-3.5455,0.008321114
5,49,1,14,3,38,21,3,0,0,5,5,50,0.2257352,-3.594361,0.005718475
7,49,2,19,3,36,15,2,0,0,6,6,48,0.2167058,-3.587468,0.005461877
8,51,1,31,2,35,18,1,0,0,8,5,47,0.2121911,-3.554288,0.007038123
5,47,1,24,4,36,20,2,0,0,5,8,50,0.2257352,-3.550644,0.008394428
5,46,1,12,5,37,12,2,0,0,5,9,50,0.2257352,-3.493753,0.01187683
8,46,2,10,3,33,27,2,0,0,6,9,47,0.2121911,-3.538411,0.007954545
5,48,1,12,3,36,17,2,0,0,5,7,50,0.2257352,-3.595558,0.005645161
5,47,1,22,4,37,14,2,0,0,5,7,50,0.2257352,-3.56861,0.007294721
5,44,1,9,5,34,18,2,0,0,5,11,50,0.2257352,-3.493154,0.01191349
13,47,2,20,3,32,13,2,0,0,10,8,42,0.1896175,-3.526473,0.00659824
6,50,1,16,2,36,16,1,0,0,6,6,49,0.2212205,-3.599831,0.005058651
7,49,2,19,3,35,23,1,0,0,6,7,48,0.2167058,-3.550116,0.00766129
6,51,1,19,2,36,12,1,0,0,6,5,49,0.2212205,-3.627302,0.003409091
6,50,2,17,2,37,21,1,0,0,5,6,49,0.2212205,-3.635238,0.002932551
6,44,2,18,5,34,16,3,0,0,5,9,49,0.2212205,-3.419134,0.01590909
7,47,1,32,3,34,18,2,0,0,7,8,48,0.2167058,-3.590581,0.005278592
7,46,1,10,3,35,11,2,0,0,7,8,48,0.2167058,-3.531441,0.008760997
7,46,1,9,3,36,12,2,0,0,7,8,48,0.2167058,-3.591203,0.005241935
8,45,2,10,3,33,15,2,0,0,7,10,47,0.2121911,-3.542857,0.007697947
12,47,2,18,4,31,9,2,0,0,10,8,43,0.1941323,-3.483741,0.009274194
5,47,1,14,3,35,33,2,0,0,5,8,50,0.2257352,-3.597954,0.005498534
8,53,2,35,1,36,19,1,0,0,7,3,47,0.2121911,-3.64066,0.002052786
8,46,2,10,3,36,17,2,0,0,6,9,47,0.2121911,-3.53206,0.008321114
9,46,1,10,4,32,10,2,0,0,9,8,46,0.2076764,-3.556692,0.006524927
10,45,2,11,5,32,10,2,0,0,8,10,45,0.2031617,-3.42486,0.01345308
17,51,4,26,2,30,11,1,0,0,12,5,38,0.1715587,-3.501277,0.006158358
11,53,2,43,1,36,10,1,0,0,9,3,44,0.198647,-3.627394,0.001942815
7,49,1,14,4,36,13,2,0,0,7,6,48,0.2167058,-3.624197,0.00329912
12,46,2,14,3,34,12,2,0,0,10,9,43,0.1941323,-3.509301,0.007917889
3,50,2,13,2,38,26,1,0,0,2,6,52,0.2347646,-3.625569,0.004398827
4,41,1,6,5,38,29,3,0,0,4,11,51,0.2302499,-3.45158,0.01495601
4,47,1,11,3,36,23,1,0,0,4,9,51,0.2302499,-3.562064,0.008064516
4,47,1,13,4,36,26,3,0,0,4,7,51,0.2302499,-3.562652,0.008027859
9,46,2,17,3,34,13,2,0,0,8,9,46,0.2076764,-3.534006,0.007807918
9,45,2,10,4,35,13,3,0,0,8,8,46,0.2076764,-3.47308,0.01125367
8,51,2,34,3,38,21,2,0,0,6,4,47,0.2121911,-3.595569,0.004655425
3,47,1,29,2,38,40,1,0,0,3,9,52,0.2347646,-3.631338,0.004032258
7,45,2,12,4,35,11,2,0,0,6,8,48,0.2167058,-3.545136,0.007954545
6,45,1,12,5,35,17,2,0,0,6,10,49,0.2212205,-3.547942,0.008174487
4,50,1,19,2,37,30,1,0,0,4,6,51,0.2302499,-3.61907,0.004508798
10,44,2,12,3,35,13,2,0,0,8,11,45,0.2031617,-3.522803,0.008027859
7,47,2,15,3,34,14,2,0,0,5,6,48,0.2167058,-3.527083,0.009017595
3,48,1,20,3,38,26,1,0,0,3,8,52,0.2347646,-3.536724,0.01004399
5,48,1,14,3,37,18,1,0,0,5,8,50,0.2257352,-3.562022,0.007697947
8,46,2,12,3,33,12,2,0,0,7,9,47,0.2121911,-3.558099,0.006818182
6,48,1,20,4,35,11,3,0,0,6,5,49,0.2212205,-3.565645,0.007111437
12,45,5,10,3,31,9,2,0,0,8,10,43,0.1941323,-3.437456,0.01173021
3,45,1,11,5,37,32,2,0,0,3,9,52,0.2347646,-3.497493,0.01253666
6,47,2,24,3,39,21,2,0,0,5,7,49,0.2212205,-3.500326,0.01103372
4,48,1,17,3,37,24,1,0,0,4,8,51,0.2302499,-3.61378,0.00483871
11,49,2,17,2,35,10,1,0,0,9,7,44,0.198647,-3.594271,0.003739003
6,44,3,18,5,35,32,2,0,0,4,9,49,0.2212205,-3.476518,0.01246334
4,47,1,12,3,37,23,2,0,0,4,7,51,0.2302499,-3.566766,0.007771261
9,48,2,20,3,33,17,2,0,0,7,7,46,0.2076764,-3.536599,0.00766129
3,43,1,17,5,38,22,2,0,0,3,12,52,0.2347646,-3.528647,0.01055718
8,47,2,16,4,35,13,2,0,0,7,6,47,0.2121911,-3.558099,0.006818182
10,49,2,19,3,33,10,2,0,0,9,6,45,0.2031617,-3.574422,0.005168622
3,46,1,10,4,38,25,1,0,0,3,10,52,0.2347646,-3.611723,0.005278592
7,51,3,39,2,36,14,2,0,0,5,4,48,0.2167058,-3.600541,0.004692082
7,48,3,14,2,38,26,2,0,0,5,6,48,0.2167058,-3.554474,0.007404692
4,49,1,10,3,37,32,1,0,0,4,7,51,0.2302499,-3.582046,0.006818182
6,50,1,30,2,37,16,3,0,0,6,3,49,0.2212205,-3.613872,0.004215543
7,43,1,14,7,34,12,2,0,0,7,9,48,0.2167058,-3.547004,0.007844575
4,45,1,19,3,37,32,3,0,0,4,7,51,0.2302499,-3.56324,0.007991202
2,44,1,8,4,39,24,2,0,0,2,11,53,0.2392793,-3.541758,0.0101173
5,45,3,17,4,36,34,4,0,0,3,6,50,0.2257352,-3.530882,0.009604106
5,48,2,12,3,36,30,2,0,0,4,7,50,0.2257352,-3.567412,0.007368035
6,44,2,18,3,36,30,3,0,0,5,7,49,0.2212205,-3.486896,0.01184018
1,44,1,8,4,40,54,2,0,0,1,11,54,0.243794,-3.580565,0.007954545
10,47,3,14,3,33,15,2,0,0,6,8,45,0.2031617,-3.552583,0.006378299
9,47,3,22,4,34,14,1,0,0,6,9,46,0.2076764,-3.509376,0.00920088
5,41,1,6,4,37,31,2,0,0,5,13,50,0.2257352,-3.449438,0.01458944
4,47,1,31,4,37,26,2,0,0,4,7,51,0.2302499,-3.59615,0.005938416
6,49,1,19,3,37,22,2,0,0,6,6,49,0.2212205,-3.533901,0.009017595
4,50,1,20,2,39,33,1,0,0,4,6,51,0.2302499,-3.633762,0.003592375
4,45,2,8,4,36,22,1,0,0,3,11,51,0.2302499,-3.58087,0.006891496
6,50,1,15,3,36,15,1,0,0,6,6,49,0.2212205,-3.559541,0.007478006
4,47,1,18,3,37,36,2,0,0,4,7,51,0.2302499,-3.577932,0.00707478
7,47,1,20,4,37,17,2,0,0,7,8,48,0.2167058,-3.517745,0.009567449
6,44,1,15,6,37,21,3,0,0,6,9,49,0.2212205,-3.527796,0.009384164
5,46,1,16,4,37,20,2,0,0,5,8,50,0.2257352,-3.539865,0.009054252
4,49,1,22,3,38,18,1,0,0,4,7,51,0.2302499,-3.618482,0.004545455
6,49,1,15,3,36,24,1,0,0,6,6,49,0.2212205,-3.602273,0.004912023
8,45,2,14,4,36,15,2,0,0,6,8,47,0.2121911,-3.497131,0.01033724
1,46,1,13,3,39,34,2,0,0,1,9,54,0.243794,-3.562199,0.009164223
8,48,2,21,2,35,12,2,0,0,7,6,47,0.2121911,-3.591758,0.004875367
6,43,1,10,5,35,16,3,0,0,6,11,49,0.2212205,-3.435006,0.01495601
